TYPE_OF_COMP,YEAR,TIE_MARKER,LENGTH,SEQUENCE,POSITIVE,LEFT_CONTEXT,MIDDLE,RIGHT_CONTEXT,Example_ID
SYNTHETIC,1999,no,4,no,артистичный," покруче, но в прыжке Довейко", всё ,было артистичнее.  ,1
SYNTHETIC,1802,no,3,no,блаженный," он ныне, и которое его", положение ,"было блаженнее, и какия тому ",2
SYNTHETIC,1994,gen,2,no,бледный, , Она ,была бледнее обычного и казалась ,3
SYNTHETIC,1841,czem,2,no,бледный,  Бедный доктор!, он ,"был бледнее, чем Грушницкий десять ",4
SYNTHETIC,2002,no,3,no,богатый," немало для того, чтобы наш", край ,был богаче.  ,5
SYNTHETIC,2004,no,2,no,большой,"  Для того, чтобы", плата ,"была больше, младший брат держал ",6
SYNTHETIC,2000,gen,2,no,большой, частное оказывалось больше целого ― настолько, они ,были больше остального лица.  ,7
SYNTHETIC,2000,gen,2,no,большой, , Он ,"был больше любого сознания, всепроникающий ",8
SYNTHETIC,1960,no,2,no,большой," Хальб и, не торопясь, чтобы", эффект ,"был больше, добавил: ― А запевалой ",9
SYNTHETIC,2002,gen,2,no,важный,  Для Ирины эта, близость ,была важнее оргазма.  ,10
SYNTHETIC,1900,no,2,yes,вкусный," варится для супа, то, чтобы", он ,"был вкуснее и крепче, надо ",11
SYNTHETIC,1995,gen,3,no,высокий,"   Офицер-десантник,", он ,был выше её на голову ,12
SYNTHETIC,1987,gen,3,no,высокий, , Зубр ,"был выше меня, потому что ",13
SYNTHETIC,1987,gen,3,no,высокий, , Лелька ,была выше его на пол ,14
SYNTHETIC,1987,gen,3,no,высокий," мне когда-то по этому поводу: """, Энвэ ,"был выше меня потому, что ",15
SYNTHETIC,1978,no,3,yes,высокий,"  Только, конечно, здесь", всё ,"было выше, огромнее, торжественнее и ",16
SYNTHETIC,1968,gen,3,no,высокий,  Роста, она ,"была выше среднего, но узка ",17
SYNTHETIC,1968,gen,3,no,высокий," углу ограды, старый большой дуб,", он ,"был выше церкви, его ветви ",18
SYNTHETIC,1963,no,3,no,высокий," владеть вниманием людей, только его", умение ,было выше ― оно шло не ,19
SYNTHETIC,1960,gen,3,no,высокий,  Для него, Маркс ,был выше всех русских гениев ,20
SYNTHETIC,1958,no,3,no,высокий," к другу, что если бы", Ганка ,"был выше ростом, то он ",21
SYNTHETIC,1957,gen,3,no,высокий," знал такого приёма и, хотя", он ,был выше меня на целую ,22
SYNTHETIC,1986,no,2,no,главный, И всё-таки я чувствовал обиду., Андрюша ,был главнее.  Челядь побаивалась его ,23
SYNTHETIC,1960,no,3,yes,глубокий, в казанской провинции его душевная, жизнь ,"была глубже, значительней, чище?  ",24
SYNTHETIC,1984,no,2,no,глупый,"   ― Дядя, а", кто ,"был глупее, Маркс или Энгельс ",25
SYNTHETIC,2002,no,2,yes,длинный," нежели верно, ибо у кого-то", пистолет ,"был длиннее и толще, но ",27
SYNTHETIC,1977,gen,3,no,дорогой," сапожника Рахленко, ― его достоинство и", мудрость ,были дороже любых денег.  ,28
SYNTHETIC,1968,gen,3,no,дорогой,  Неужели его, свобода ,была дороже авторитета партии?  ,29
SYNTHETIC,1976,gen,4,no,естественный," и не сказал ""Николай Васильевич"",", что ,"было естественней всего, если уж ",30
SYNTHETIC,1999,czem,4,no,значительный,  В кино Юрий, Никулин ,"был значительнее, чем в цирке ",31
SYNTHETIC,1960,gen,4,no,значительный,"  То, что переживал", он ,"было значительней воспоминания, сравнения, мысли ",32
SYNTHETIC,2001,gen,3,yes,короткий," Ява"" нравилась за то, что", она ,была короче и толще других ,33
SYNTHETIC,2000,czem,3,no,красивый," смех и голоса, все вместе", они ,"были красивее, чем каждая в ",34
SYNTHETIC,1984,czem,3,no,красивый,  В них, она ,"была красивее, чем в платьях ",35
SYNTHETIC,1946,gen,3,yes,красивый, ему Кавказ ― эта прекрасная южная, местность ,была красивее и величественнее Швейцарии ,36
SYNTHETIC,1858,gen,3,no,красивый, на все диковинки любуючись; одна, палата ,"была краше другой, и всё ",37
SYNTHETIC,1957,gen,2,yes,крепкий," боя было гораздо меньше, зато", они ,"были крепче, сильнее и гораздо ",38
SYNTHETIC,1968,no,2,no,лёгкий, мысль и до войны.  Тогда, это ,было легче.  После же войны ,39
SYNTHETIC,1960,no,2,no,лёгкий, напарник шагали несколько быстрей обычного ―, груз ,был легче.  ,40
SYNTHETIC,2002,no,3,no,маленький, у 70% детей алкоголиков эта, волна ,была меньше по амплитуде и ,41
SYNTHETIC,1989,gen,3,yes,маленький,   Фалльский, кабинет ,был меньше и строже петербургских ,42
SYNTHETIC,1961,gen,3,no,маленький, волке скакал по еловому лесу., Ёлки ,были меньше серого волка.  Иван ,43
SYNTHETIC,1975,czem,2,yes,мелкий," опять шаманил Кромешный, но всё", это ,"было мельче, скучнее, чем в ",44
SYNTHETIC,1983,no,2,yes,младший, кружке ему поручали роли молодогвардейцев…, Я ,"был младше, но хуже.  И ",45
SYNTHETIC,1976,no,2,no,младший,"  Все, все, все его", женщины ,"были младше, кроме одной.  ",46
SYNTHETIC,1967,gen,2,no,младший, матери тогда было лет десять., Она ,была младше тебя.  Однажды к ,47
SYNTHETIC,1976,gen,3,no,молодой,"  Между тем,", он ,был моложе меня на восемнадцать ,48
SYNTHETIC,1958,no,3,no,молодой," и умиление перед временем, когда", он ,был моложе на пятнадцать лет ,49
SYNTHETIC,1945,gen,3,no,молодой, , Митраша ,был моложе сестры на два ,50
SYNTHETIC,1937,no,3,no,молодой," мне это смешно, но тогда", я ,был моложе.  ,51
SYNTHETIC,1922,gen,3,no,молодой, , Он ,был моложе других корпусных командиров ,52
SYNTHETIC,2002,no,2,no,мягкий," Теперь, когда Снежана его бросила,", Ирина ,"была мягче к Олегу, но ",53
SYNTHETIC,2003,czem,2,no,низкий,   В русском суде присяжных, репрессивность ,"была ниже, чем в суде ",54
SYNTHETIC,1981,gen,2,no,низкий," в том случае, если объективно", он ,был ниже звука [у] более ,55
SYNTHETIC,1961,no,3,no,опасный," то легко увидеть, насколько чистый", воздух ,был опаснее для здоровья человека ,56
SYNTHETIC,1996,gen,3,no,опытный," решили не рисковать, хотя эта", певица ,была опытней меня и пришла ,57
SYNTHETIC,1987,no,4,no,откровенный," делился с матерью, с ней", он ,был откровеннее.  ,58
SYNTHETIC,1841,no,3,yes,печальный," родимая, северная; только её дикие", напевы ,"были печальнее, заунывнее.  ",59
SYNTHETIC,2001,gen,2,no,плохой," что попал под подозрение, и", это ,было хуже всего.  ,60
SYNTHETIC,1984,gen,2,no,плохой,  Их молчание ― вот, что ,было хуже всего.  ,61
SYNTHETIC,1981,czem,2,no,плохой,  Но лучше бы, я ,"был хуже для них, чем ",62
SYNTHETIC,1962,gen,2,no,плохой, начинал прорастать в нового…  Вот, это ,было хуже всего.  Тогда я ,63
SYNTHETIC,1961,gen,2,yes,полный," мёртвом пальце были острижены, сам", он ,был полнее и мягче глебовского ,64
SYNTHETIC,1922,no,5,yes,положительный, , Англичане ,были положительнее и откровеннее: на ,65
SYNTHETIC,2000,no,5,no,правдоподобный," взять запасы старой бумаги, чтобы", подделка ,была правдоподобнее [НХ 1: 48 ,66
SYNTHETIC,1999,gen,3,no,прилежный," Охотно допускаю, что другие цирковые", дети ,были прилежнее меня и более ,67
SYNTHETIC,1999,czem,2,no,простой,"  Не думаю, чтобы наше", дело ,"было проще, чем управление машиной ",68
SYNTHETIC,1978,gen,2,no,простой,"  Ну, со мной", всё ,было проще простого.  ,69
SYNTHETIC,1976,no,2,no,простой, не было.  На самом деле, всё ,было проще.  Вызвал Борис Иванович ,70
SYNTHETIC,1960,no,2,no,простой,  Со Свечиным, дело ,"было проще, ― он член партийного ",71
SYNTHETIC,1933,no,2,no,простой, бы наконец покончить с инцидентом., Дело ,"было проще.   Во-первых, откуда мог ",72
SYNTHETIC,1884,no,2,yes,простой," не было железных дорог, там", жизнь ,была проще и дешевле.  ,73
SYNTHETIC,1984,no,5,no,разнообразный," почти не отличал, разве что", сны ,"были разнообразнее (раз, например, он ",74
SYNTHETIC,1967,czem,2,yes,свежий," зонтичным деревом, где стояла люлька,", трава ,"была свежее и гуще, чем ",75
SYNTHETIC,2002,no,2,yes,сильный," атак ""Спартака"" подкупали, но объективно", англичане ,были сильнее и хитрее.  ,76
SYNTHETIC,2000,gen,2,no,сильный," она в ужасе оттого, что", сон ,"был сильнее яви, и в ",77
SYNTHETIC,1990,gen,2,no,сильный,"   Да, он, мой", кумир ,был сильнее всех не только ,78
SYNTHETIC,1987,gen,2,no,сильный," у Зубра играло что-то разбойное,", натура ,"была сильнее учёных пристрастий, натура ",79
SYNTHETIC,1977,gen,2,no,сильный," таланта, чем мне, зато мой", дьявол ,был сильнее его дьявола.  ,80
SYNTHETIC,1977,gen,2,no,сильный," нигде не допустил промашки, но", условия ,были сильнее его.  ,81
SYNTHETIC,1977,no,2,no,сильный,"  Но,", кто ,"был сильнее, те ушли быстрее ",82
SYNTHETIC,1967,gen,2,no,сильный, даже с насмешкой: в танцах, они ,были сильнее его.  ,83
SYNTHETIC,1964,gen,2,no,сильный,  Однако, нужда ,"была сильней меня, и через ",84
SYNTHETIC,1961,gen,2,no,сильный," ныли, отмороженные пальцы зудели.  Но", усталость ,была сильнее боли.  Я свернулся ,85
SYNTHETIC,1960,czem,2,no,сильный," мог остановить женщину, потому что", она ,"была сильней, чем он и ",86
SYNTHETIC,1960,czem,2,yes,сильный," Робея перед делопроизводительницей в домоуправлении,", он ,"был сильней и свободней, чем ",87
SYNTHETIC,1924,no,2,no,сильный, , Личность ,была сильнее и ярче в ,88
SYNTHETIC,1886,no,2,no,сильный," за плечо, хотел ударить, но", пастух ,был сильнее: повалил он Аггея ,89
SYNTHETIC,1987,no,2,no,сложный," среды, приговорам…  Фриц― с тем", дело ,было сложнее.  Фриц выходил за ,90
SYNTHETIC,1967,no,2,no,сложный," Чик, чтобы угодить хозяйке.   Но", дело ,было сложней.  Чик пробовал буйволиное ,91
SYNTHETIC,1963,gen,3,no,спокойный," волнуясь, воспринимал приход успеха.  Мария", Павловна ,была спокойней его.  С Коленькой ,92
SYNTHETIC,1960,gen,3,no,спокойный," что судьба разлучит их, и", она ,была спокойней его.  ,93
SYNTHETIC,2004,gen,2,no,старый, , Степанов ,был старше нас с Двинятиным ,94
SYNTHETIC,2003,gen,2,no,старый, , Граф ,был старше Иванова лет на ,95
SYNTHETIC,1999,gen,2,no,старый,   Вальтер, Запашный ,был старше брата на десять ,96
SYNTHETIC,1987,gen,2,no,старый,  Академик Лев Александрович, Зенкевич ,"был старше Зубра, помнил его ",97
SYNTHETIC,1987,gen,2,no,старый, , Он ,был старше отца или казался ,98
SYNTHETIC,1986,gen,2,no,старый,  Все, они ,"были старше нас ― инженеры, журналисты ",99
SYNTHETIC,1983,gen,2,no,старый,"  Он грубил даже тем,", кто ,"был старше его, ― явление на ",100
SYNTHETIC,1966,gen,2,no,старый," свои грустные потери возраста, хотя", он ,был старше нас.  ,101
SYNTHETIC,1961,gen,2,no,старый, , Он ,"был старше партнёра (впрочем, сколько ",102
SYNTHETIC,1960,gen,2,no,старый, , Неудобнов ,был старше Новикова и Гетманова ,103
SYNTHETIC,1960,gen,2,no,страшный, , Это ,было страшней волка и красных ,104
SYNTHETIC,1901,gen,2,no,страшный, , Он ,"был страшнее пожара, этот безумный ",105
SYNTHETIC,1937,gen,2,no,тихий, , Ликоспастов ,"был тише воды, ниже травы ",106
SYNTHETIC,1961,gen,2,no,тонкий, в палатку через откинутый полог., Луч ,был тоньше вязальной спицы.  Он ,107
SYNTHETIC,1841,czem,3,no,угрюмый,   В этот вечер, Казбич ,"был угрюмее, чем когда-нибудь, и ",108
SYNTHETIC,1968,czem,2,no,умный, , Абакумов ,"был умней, чем казалось Яконову ",109
SYNTHETIC,2002,gen,5,no,унизительный, твой муж здесь.   Для меня, это ,было унизительнее всего.  С тех ,110
SYNTHETIC,1961,gen,3,no,холодный,  Каждая, ночь ,"была холоднее прежней, жирные зелёные ",111
SYNTHETIC,2004,no,3,no,хороший, , Они ,"были лучше, они были иностранные ",112
SYNTHETIC,2003,no,3,no,хороший,  Давеча и, погода ,"была лучше, и молодёжь уважительнее ",113
SYNTHETIC,2003,czem,3,no,хороший," сказать, что для издателей журналов", он ,"был лучше, чем 2001, но ",114
SYNTHETIC,2002,gen,3,no,хороший," прочих мужчин, не потому, чтоб", ты ,"был лучше их, о нет ",115
SYNTHETIC,2002,no,3,no,хороший,"  О том,", кто ,был лучше ― Кван или Коэн ,116
SYNTHETIC,2000,gen,3,no,хороший," старухи Виккерс, личного лаборанта Гансовского,", препараты ,были лучше Таниных.  ,117
SYNTHETIC,2000,gen,3,no,хороший," играли точно и тонко, но", саксофонист ,был лучше всех…  ,118
SYNTHETIC,1999,gen,3,no,хороший," говорить, что на поле Константин", Иванович ,был лучше всех.  ,119
SYNTHETIC,1983,no,3,no,хороший, мне не понравились.   Его эстрадные, репризы ,"были лучше.  Например, выходит конферансье ",120
SYNTHETIC,1975,gen,3,no,хороший,  Но чем-то всё-таки, Кромешный ,был лучше других.  ,121
SYNTHETIC,1969,gen,3,yes,хороший,   Вообще, отец ,"был лучше, умнее братьев, человек ",122
SYNTHETIC,1940,gen,3,no,хороший," что ж, остаётся пожелать, чтобы", оно ,"было лучше прежнего, ― заметил Воланд ",123
SYNTHETIC,1929,czem,3,no,хороший,  Но всё же, это ,"было лучше, чем босые ноги ",124
SYNTHETIC,1898,gen,3,no,хороший," теперь бесшумно ходила красивая Пелагея, ―", это ,было лучше всяких рассказов.  ,125
SYNTHETIC,1841,gen,3,no,хороший," прочих мужчин, не потому, чтоб", ты ,"был лучше их, о нет ",126
SYNTHETIC,1987,gen,3,no,широкий,  Стоп!.., Комод ,был шире лестничной площадки.  Вынесли ,127
ANALYTICAL,2002,no,3,no,активный,Если бы, люди ,"были более активны и осведомлены об их правах, я думаю  ←…→",128
ANALYTICAL,2003,czem,4,no,актуальный,Тогда заложенные в нем, идеи ,"были более актуальны, чем сейчас.   ←…→",129
ANALYTICAL,2001,no,4,no,актуальный,к королеве Англии или к Маргарет Тэтчер ― она в то, время ,была более актуальна.   ←…→,130
ANALYTICAL,1977,czem,4,no,безжизненный,Всё-таки парижские чугунные, фонари ,"были более безжизненны, чем деревья, и это обнадеживало.   ←…→",131
ANALYTICAL,1973,no,4,no,бережливый,Но обычно современные моряки им не пользуются. …, Древние ,были более бережливы! Они знали цену своим якорям и буквально  ←…→,132
ANALYTICAL,1934,no,5,no,благоприятный,Другие, отзывы ,были более благоприятны: «Северная Пчела» сочла Панько искусным: автору хотя  ←…→,133
ANALYTICAL,2004,no,4,no,благосклонный,"Курт, не теряя времени, разыскал Анну, которая на сей", раз ,"была более благосклонна, хотя все еще встречала его ухаживания с  ←…→",134
ANALYTICAL,2007,no,2,no,близкий,И если бы, Лена ,"была более близка с Людмилой Георгиевной, жизнь Светланы и вправду  ←…→",135
ANALYTICAL,2003,no,2,no,близкий, Они ,"были более близки не к националистам, а к западникам.   ←…→",NA,136
ANALYTICAL,2001,no,2,no,близкий,NA, Они ,"были более близки эмоциональному и искреннему автору, постоянно ощущавшему тревогу  ←…→",137
ANALYTICAL,1998,czem,2,yes,близкий,"Думается,", он ,"был более близок, родствен своему читателю, чем поэты, пришедшие через  ←…→",138
ANALYTICAL,1966,no,2,no,близкий,С кем, я ,был более близок ― с Борисом Пильняком или с Исааком Бабелем  ←…→,139
ANALYTICAL,1943,czem,2,no,близкий,"Скорбь его заставляла предполагать, что", поэт ,"был более близок к прекрасным при жизни, чем это было  ←…→",141
ANALYTICAL,2001,no,2,no,важный,"Только потом я понял, что для нее", это ,было более важно.   ←…→,142
ANALYTICAL,1998,no,2,no,важный,Во-вторых ― и, это ,"было более важно для культурных традиций города, ― вокруг Пензы издавна  ←…→",143
ANALYTICAL,1900,no,3,no,вежливый,С гражданскими чиновниками Джао-, мян ,был более вежлив.   ←…→,144
ANALYTICAL,1877,czem,5,no,великолепный,"экипажах по лучшим улицам города до дворца; эскорт, экипажи, ливреи, ―", все ,"было более великолепно, чем можно было ожидать от такого маленького  ←…→",146
ANALYTICAL,1934,no,4,no,вероятный,"Если же,", что ,"было более вероятно, республика будет уничтожена, то власть попадет в  ←…→",147
ANALYTICAL,2010,no,3,no,ветвистый,"же корень «люб-» усох больше, чем на две трети! ― А", он ,был более ветвист? ― Был: из 150 слов осталось 40.   ←…→,148
ANALYTICAL,1925,czem,3,no,виновный,в душе плохо верил: в разрушении неаполитанского государства король и, королева ,"были более виновны, чем революционеры.   ←…→",149
ANALYTICAL,2004,no,4,no,внимательный,Если бы, ты ,"был более внимателен, то ответы про «от 18», «по 5  ←…→",150
ANALYTICAL,1942,no,4,no,внимательный,А если бы, я ,"был более внимателен, всё полетело бы к черту еще скорее  ←…→",151
ANALYTICAL,1902,no,4,yes,внимательный,"и имел в глазах жены большую значительность, чем прежде, и", она ,"была более внимательна и ласкова с ним, но, когда все  ←…→",152
ANALYTICAL,1989,czem,4,no,внушаемый,"В общем, получается, что", я ,"был более внушаем, чем мне это хотелось бы о себе  ←…→",153
ANALYTICAL,2004,czem,4,no,внушаемый,"В общем, получается, что", я ,"был более внушаем, чем мне это хотелось бы о себе  ←…→",154
ANALYTICAL,1946,no,9,yes,военно-публицистический,"Для того, чтобы", материал ,"был более военно-публицистическим и умным что ли, я  ←…→",155
ANALYTICAL,1886,czem,3,no,враждебный,"что весьма любопытно, в своей злобе и зависти писатели той", эпохи ,"были более враждебны свободе печати, чем самодержавие.   ←…→",156
ANALYTICAL,2001,czem,3,no,высокий,"выборов, хотя объективности ради надо сказать, что шансы на этот", раз ,"были более высоки, чем обычно.   ←…→",159
ANALYTICAL,1792,no,2,no,гордый,"У тебя довольно пылкое воображение, ― сказал калиф, ― и если б", я ,"был более горд, то бы употребил твои советы; но, любезный  ←…→",160
ANALYTICAL,1983,no,5,no,демократичный,Вадим уже давно отвык от ресторанной чопорности. В Москве, все ,было более демократично. Там приходили в ресторан в джинсах и  ←…→,161
ANALYTICAL,1923,no,4,no,деятельный,"по крайней мере, у меня в 8-й армии Земский", союз ,"был более деятелен, и считаю долгом совести засвидетельствовать, что благодаря  ←…→",162
ANALYTICAL,1969,czem,5,yes,доверительный,"его была, несомненно, наигранной, но стало понятно и другое: полковник", Деев ,"был более доверителен и откровенен с Весниным, чем с ним  ←…→",163
ANALYTICAL,1814,no,3,no,довольный,"какъ бы прибавить къ тому что нибудь такое, чѣмъ бы", онъ ,былъ болѣе доволенъ.   ←…→,164
ANALYTICAL,1878,czem,2,no,должный,"сказал Степан Аркадьич, выбрав «Англию» потому, что там он, в «", Англии ,"», был более должен, чем в «Эрмитаже».   ←…→",165
ANALYTICAL,1876,no,3,no,достойный,"Не потому он делает это различие, чтобы", вор ,"был более достоин уважения, а потому, что он менее вреден  ←…→",166
ANALYTICAL,2003,no,3,no,доступный,Однако тогда, все ,"было более доступно для понимания: вернулся дембель из Чечни, стал  ←…→",167
ANALYTICAL,1918,no,3,no,доступный,В Пажеском корпусе начальство и, преподаватели ,"были более доступны; особенно добродушным был мой ближайший начальник, капитан  ←…→",169
ANALYTICAL,1841,czem,3,no,доступный,"Сей умиленный взор, выказавший изнеможенье и бессилье выразить обнявшие", чувства ,", был более доступен Андрию, чем все речи.   ←…→",170
ANALYTICAL,1981,czem,3,no,женственный,NA, Она ,"была более женственна, чем все ее подруги, хотя внешне выглядела  ←…→",171
ANALYTICAL,2002,no,3,no,жизненный,"охоты и деньги больше чинов, наклонен скорее к мертвечине. Мои", мечты ,"были более жизненны. Я видел себя в Сенате, розового, свежего  ←…→",172
ANALYTICAL,1948,czem,4,yes,задумчивый,Но в Целковичи-Велки, Кузнецов ,"был более задумчив и менее общителен, чем обычно.   ←…→",173
ANALYTICAL,1946,czem,4,yes,закаленный,"люди 20-х годов, т. е. как раз участники движения", декабристов ,", были более закалены, менее, чувствительны, чем люди 30-х годов  ←…→",174
ANALYTICAL,2014,no,3,no,заметный,Если бы рассеяние, света ,"было более заметно, кольцо можно было бы наблюдать с Земли  ←…→",175
ANALYTICAL,1925,no,3,no,заметный,социального1 воспитания мы уже имеем существенные успехи; до последнего времени, они ,"были более заметны в городе, теперь они продвинулись и к  ←…→",176
ANALYTICAL,1913,no,3,no,заметный,"Следует пожелать, чтобы эти", нумера ,"были более заметны, так как нередко автомобиль, изувечив кого-нибудь, успешно  ←…→",177
ANALYTICAL,1898,no,5,no,замечательный,"постепенно исчезающий на наших глазах, то личность жены его, Елизаветы", Андреевны ,", была более замечательна.   ←…→",178
ANALYTICAL,2002,no,4,no,знаменитый,Бунин выигрывал у Федорова во всем:, он ,"был более знаменит, более молод, наконец, он в это время  ←…→",179
ANALYTICAL,1921,czem,5,no,избалованный,В некотором отношении они были правы: Тригони имел внешность, барина ,", был более избалован, чем другие, и по манерам в нем  ←…→",181
ANALYTICAL,2002,no,3,no,известный, Он ,"был более известен московской публике как знаменитый антрепренёр, содержатель ""Эрмитажа  ←…→",NA,182
ANALYTICAL,2011,no,3,no,известный,Среди людей, он ,был более известен под псевдонимом Андрей-Андре Жид Тарковский  ←…→,183
ANALYTICAL,2000,no,3,no,известный,Проза Мариенгофа долгие, годы ,"была более известна на Западе, чем у нас.   ←…→",184
ANALYTICAL,1974,no,3,no,известный,С этой точки зрения, он ,был более известен партии и народу.   ←…→,185
ANALYTICAL,1953,no,3,no,известный,"он ночевал у Михаила Андреевича Ильина, помощника присяжного поверенного (позднее", он ,"был более известен под своим литературным псевдонимом ― Осоргин, девичья фамилия  ←…→",186
ANALYTICAL,1945,no,3,no,известный,… К.Д., Краевич ,"был более известен по своему учебнику физики для гимназий, нежели  ←…→",187
ANALYTICAL,1921,czem,3,no,известный,"Земля и воля», когда литературная карьера Юзова только начиналась и", он ,"был более известен своими выступлениями на собраниях молодежи, чем как  ←…→",188
ANALYTICAL,1998,no,5,no,интеллигентный,"Туполев, наверно, в определенной", степени ,"был более интеллигентен, хотя Ильюшин матом не ругался, а Туполев  ←…→",191
ANALYTICAL,2009,no,4,no,интересный,"Апшерона, резкий сульфатный запах Кара-Богаза, померанцевый Гиркана), но", степь ,была более интересна.   ←…→,192
ANALYTICAL,1918,no,3,no,искренний,"Двух душах» для того, чтоб спросить бумажных врагов моих: когда", они ,"были более искренни, ― когда ругали меня за мое нелестное мнение  ←…→",193
ANALYTICAL,1959,no,3,no,картинный,Все, это ,"было более картинно, как все древнее.   ←…→",194
ANALYTICAL,2003,no,5,no,категоричный,На следующий после убийства день Г., Селезнев ,"был более категоричен, поставив вопрос о снятии Б.Грызлова с  ←…→",195
ANALYTICAL,2002,no,5,no,категоричный,Интеллигентно-агрессивный Глеб, Павловский ,был более категоричен:   ←…→,196
ANALYTICAL,2001,no,5,no,категоричный,Его соратник Глеб, Якунин ,"был более категоричен, охарактеризовав политику Путина как «бархатный ГКЧП», а  ←…→",197
ANALYTICAL,1955,no,5,no,категоричный,"сватался вдовец из далекого, за сорок верст, села. Но сестра", Ольга ,"была более категорична. Когда, в поисках истины, я как-то отыскал  ←…→",198
ANALYTICAL,1999,no,3,no,конкретный,NA, Немцы ,были более конкретны и в дипломатичной манере дали понять Кремлю  ←…→,199
ANALYTICAL,2003,no,5,no,консервативный,"А те,", кто ,был более консервативен или считал для себя неприемлемым уходить с  ←…→,200
ANALYTICAL,2003,no,4,no,конструктивный,"Насколько она конструктивна ― трудно сказать, и когда", она ,была более конструктивна ― сейчас или при Ельцине.   ←…→,202
ANALYTICAL,1998,no,5,no,красноречивый,"что иногда я немного оступаюсь, становлюсь неловким, косноязычным (с Икс", я ,был более красноречив).   ←…→,203
ANALYTICAL,2002,no,2,yes,краткий,Оппонент, Дайсон ,был более краток и категоричен.   ←…→,204
ANALYTICAL,1966,no,2,no,краткий,Главный товаровед Мосхозторга Всеволод Александрович, Фомин ,был более краток:   ←…→,205
ANALYTICAL,1995,no,2,no,краткий,Здесь, Петр ,"был более краток: период, страна, содержание помешательства, вероятность рационального объяснения  ←…→",206
ANALYTICAL,2004,czem,3,no,критичный,Наши, прародители ,"были более критичны по отношению к себе, чем нынешние кухонные  ←…→",207
ANALYTICAL,1930,no,3,no,культурный,и разнообразные и обеды гораздо лучше и вообще все условия, жизни ,были боле культурны.   ←…→,208
ANALYTICAL,1955,no,2,no,лестный,было править и чем дальше санки заезжали по дорожке ― тем, это ,было более лестно.   ←…→,209
ANALYTICAL,2003,no,4,no,либеральный,Австро-, венгры ,"были более либеральны, но тоже хотели подчинить себе часть Польши  ←…→",210
ANALYTICAL,2003,no,4,no,любопытный,"― Но мне кажется, до-коваленковская", эра ,была более любопытна.   ←…→,211
ANALYTICAL,1898,czem,4,no,милосердный,«Но, волны ,"были более милосерды, чем люди», ― писали они Вире об этом  ←…→",212
ANALYTICAL,1921,no,4,no,милостивый,"Не могу предположить, чтобы современная наша", администрация ,была более милостива в таких вопросах к евреям.   ←…→,213
ANALYTICAL,1996,no,4,no,милостивый,NA, Судьба ,была более милостива к российским «энэлпистам» ― в некоторых вузах уже  ←…→,214
ANALYTICAL,2012,no,4,no,многодетный,"Наконец, хорошо известно:", дворовые ,"были более многодетны, их не забривали в рекруты, а их  ←…→",215
ANALYTICAL,2006,no,4,no,многословный,На этот раз, оно ,было более многословно: «Точно ― дурак».   ←…→,216
ANALYTICAL,2000,no,4,no,многословный,NA, Боцман ,"был более многословен, а его иносказательность лишена всякой литературности:   ←…→",217
ANALYTICAL,1923,no,5,no,многочисленный,"Преимущество противника над нами состояло в том, что его", артиллерия ,"была более многочисленна по сравнению с нашей, в особенности тяжелой  ←…→",218
ANALYTICAL,1904,no,5,no,могущественный,какой-либо другой страны влияние международного положения государства на его внутренний, строй ,"было более могущественно, и ни в какой период нашей истории  ←…→",219
ANALYTICAL,1909,czem,4,no,молчаливый,NA, Он ,"был более молчалив, чем обыкновенно, и, как всегда, очень сдержан  ←…→",220
ANALYTICAL,2002,no,4,no,монолитный,NA, Народ ,был более монолитен ― ему командовали: «Налево!»   ←…→,221
ANALYTICAL,1938,no,2,no,мощный,"основах от положения дел в современной ему Западной Европе, и", он ,"был более мощен научно-технически, чем Московское царство того времени.   ←…→",222
ANALYTICAL,1952,czem,2,no,мрачный,"вопрошая себя, почему Наполеон «после этой трудной и дорого доставшейся", победы ,"был более мрачен, чем позже, после больших поражений».   ←…→",223
ANALYTICAL,1980,no,3,no,надежный,"Вероятно, цифра, полученная Локкартом, была более верной ― его", источники ,были более надежны.   ←…→,224
ANALYTICAL,2004,czem,3,no,наивный,"в те годы уже существовали всякие «жучки» и микрофоны, но", обыватели ,"были более наивны, чем сейчас, да и техника не отличалась  ←…→",225
ANALYTICAL,1976,czem,3,yes,наивный,"Да, конечно,", мы ,"были более наивны, менее эрудированны, чем дети сегодняшние.   ←…→",226
ANALYTICAL,2004,no,4,no,настойчивый,Но на этот раз, я ,был более настойчив.   ←…→,227
ANALYTICAL,1997,no,4,no,настойчивый,"году, но испытания были прекращены уже на первом этапе. Николай", Ильич ,был более настойчив. Его одноместный вертолет соосной схемы Ка-8  ←…→,228
ANALYTICAL,1918,czem,5,no,настоятельный,При наших нравах такой, порядок ,"был более настоятелен, чем где-либо, и я убежден, что через  ←…→",229
ANALYTICAL,1921,no,4,no,находчивый,Если бы, Львов ,"был более находчив и своевременно явился к аппарату, то в  ←…→",230
ANALYTICAL,1988,no,4,no,начитанный,Наибольшая часть работы пришлась на долю Бориса Батуева:, он ,был более начитан в политической и философской литературе.   ←…→,231
ANALYTICAL,1910,czem,5,no,невежественный,"Потому, что эти", народы ,"были более невежественны, чем русские.   ←…→",232
ANALYTICAL,1995,no,3,no,невзрачный,"только, что он был сильнее и храбрее Мишки, но на", вид ,был более невзрачен и имел меньше успеха у красавиц садика  ←…→,233
ANALYTICAL,2003,czem,5,no,независимый,Автор, глаголицы ,"был более независим от греческого алфавита, чем Кирилл, и решил  ←…→",234
ANALYTICAL,1974,czem,5,no,независимый,"что достаточные немцы и чехи, колонисты в чужой им стране,", России ,", были более независимы, чем русские бедняки на своей собственной родине  ←…→",235
ANALYTICAL,1954,no,5,no,независимый,"врагом парламентаризма, как источника слабости Франции; он хотел, чтобы власть", правительства ,была более независима от Палаты.   ←…→,236
ANALYTICAL,1988,no,5,no,независимый,"скоро выдают себя и «отлучаются от огня и воды» стукачи,", мы ,были более независимы духом.   ←…→,237
ANALYTICAL,1935,no,5,no,необходимый,"Если борцам, танцовщицам приходится соблюдать половую умеренность, то насколько же", это ,"было более необходимо писателю, который писал не кончиком пера, а  ←…→",238
ANALYTICAL,1935,czem,4,no,нестерпимый,"Кальвинисты, для которых натиск во имя свободы", совести ,"был более нестерпим, чем что бы то ни было, поражали  ←…→",239
ANALYTICAL,1910,czem,4,no,несчастливый,"Впрочем, вряд ли", евреи ,"были более несчастливы, чем теперь, когда они подвергаются преследованиям именно  ←…→",240
ANALYTICAL,2001,no,5,no,обоснованный,"та сторона, которая оказалась сильнее или богаче, а та, чья", позиция ,"была более юридически обоснованна,―в данном случае выиграло частное лицо  ←…→",242
ANALYTICAL,1875,no,5,no,образованный,"Конечно, не мешало бы, если бы", коновалы ,"были более образованны, более сведущи, но для этого следовало бы  ←…→",243
ANALYTICAL,1858,no,5,yes,образованный,"Разумеется, если бы", русские ,"были более образованны во времена Владимира, более приготовлены самою жизнию  ←…→",244
ANALYTICAL,1995,no,4,no,общительный,"У тех,", кто ,"был более общителен, вскоре появились ученики.   ←…→",245
ANALYTICAL,1991,czem,4,yes,объемистый,так как сама работа его в деле выполнения указанной выше, программы ,"была более объемиста и сложна, чем у ТурЦИКа.   ←…→",246
ANALYTICAL,1872,czem,4,no,обязаный,"восторге и не знала, как благодарить меня, хотя выбору вещей", она ,"была более обязана хорошему вкусу Бороздиной, чем моему.   ←…→",247
ANALYTICAL,1928,no,5,no,оглушительный,Селим был прав: его стоны и, вздохи ,были более оглушительны.   ←…→,248
ANALYTICAL,2003,czem,4,no,одинокий,"произносить лишь два слова: «Да, государь», император Наполеон ― повелитель великой", империи ,"был более одинок, чем когда-либо.   ←…→",249
ANALYTICAL,1921,czem,4,no,одиозный,"Для большевиков, как таковых, для Ленина и Троцкого", она ,"была более одиозна, чем всевозможные «комитеты спасения» и новый корниловский  ←…→",250
ANALYTICAL,1951,no,5,no,однообразный,"пройденную местность так подробно, как в Долине бесов, потому что", она ,была более однообразна.   ←…→,251
ANALYTICAL,1925,czem,4,no,оживленный,NA, Клим ,"был более оживлен, чем всегда, а Борис настроен добродушней.   ←…→",252
ANALYTICAL,1897,no,5,no,озабоченный,NA, Он ,"был более озабочен тем, как бы не оказаться слишком строгим  ←…→",253
ANALYTICAL,1996,czem,3,no,опасный,"Понятно, что такая", атака ,"была более опасна для утлых катеров, чем для бронированных чудовищ  ←…→",254
ANALYTICAL,2001,no,5,no,определенный,"Признаюсь, в черновом наброске политико-психологического портрета Горбачева", я ,"был более определенен и резок, мои рассуждения были ближе к  ←…→",255
ANALYTICAL,1971,no,5,no,определенный,"Но, так сказать, чтобы", это ,"было более определенно… к тому же я лучше пишу, чем  ←…→",256
ANALYTICAL,1950,no,5,no,определенный,Его, показания ,"были более определённы: он не помнит, чтобы принёс в ателье  ←…→",257
ANALYTICAL,1929,no,5,no,определенный,Наутро я опять пошел к Затонскому. Теперь, он ,"был более определенен. Расспросил меня более основательно о том, почему  ←…→",258
ANALYTICAL,1999,no,5,no,оптимистичный,"В свое время Кант отмечал, что способности суждения нельзя научиться,", Гуссерль ,был более оптимистичен ― он стремился спасти человечество и искренне верил  ←…→,259
ANALYTICAL,1908,no,3,yes,опытный,Если бы я в то, время ,"был более опытен, наблюдателен и чуток, то, несомненно, заметил бы  ←…→",260
ANALYTICAL,1989,no,3,no,опытный,Если бы, мы ,"были более опытны, мы должны были именно температурную инверсию считать  ←…→",261
ANALYTICAL,1974,no,5,no,оригинальный,ветра сносил парашюты в сторону или прибивал их к земле. «, Люфтфауст ,» был более оригинален. В данном случае германские оружейники попытались создать  ←…→,262
ANALYTICAL,1919,no,5,no,осведомленный,чтобы о разрешении для любителей быть платными инструкторами физической культуры, спортсмены ,были более широко осведомлены.   ←…→,263
ANALYTICAL,1984,no,5,no,оскорбительный,"плашмя в драке полагалось большее наказание, чем за удар острием:", он ,"был более оскорбителен, ибо он как бы означал, что противник  ←…→",264
ANALYTICAL,2004,no,5,no,осмотрительный,Другие страны основательно изучали этот, вопрос ,", были более осмотрительны, хотя имели несравненно больший опыт.   ←…→",265
ANALYTICAL,1929,czem,5,yes,осмотрительный,"И так как, на мой взгляд, эта последняя", организация ,"была более осмотрительна и более предана делу, чем гетманская, то  ←…→",266
ANALYTICAL,2003,no,4,no,осторожный,Однако выступивший на брифинге заместитель председателя правительства Алексей, Кудрин ,был более осторожен в оценках.   ←…→,267
ANALYTICAL,2002,no,4,no,осторожный,Теперь, он ,"был более осторожен: сказал, что ему известны еще три подобных  ←…→",268
ANALYTICAL,2002,no,4,no,осторожный,программы «Электронная Россия» директор Института анализа предприятий и рынков Андрей, Яковлев ,был более осторожен: «Процесс прихода государства в Интернет ― объективный и  ←…→,269
ANALYTICAL,1975,no,4,no,осторожный,Однако, они ,"были более осторожны, и, увидев меня, мгновенно исчезли.   ←…→",271
ANALYTICAL,1929,no,4,no,осторожный,"к другим воротам, ведущим из села в лес. Но здесь", мы ,"были более осторожны. Здесь, прежде чем пропустить наш обоз в  ←…→",272
ANALYTICAL,1989,no,4,no,осторожный,В. Молотов назвал эту декларацию «антипартийной»., Сталин ,был более осторожен. Для преодоления возникших разногласий создали комиссию в  ←…→,273
ANALYTICAL,2003,no,4,no,откровенный,сотрудник одного из военкоматов Центрального округа, Москвы ,был более откровенен: ― У меня на территории проживает много «мажоров  ←…→,274
ANALYTICAL,2001,no,4,no,откровенный,"Возможно, в разговоре с Путиным", Блэр ,был более откровенен.   ←…→,275
ANALYTICAL,1960,no,4,no,откровенный,"Мне было известно со слов матери, с которой", брат ,"был более откровенен, что он всегда стремился работать по непосредственным  ←…→",276
ANALYTICAL,1928,no,4,no,откровенный,«Если б, я ,был более откровенен с нею…»   ←…→,277
ANALYTICAL,1852,no,7,no,отрицательно-добрый,"героя прямоты и праводушия, каким представлен здесь Бенкендорф, он, в", сущности ,", был более отрицательно-добрым человеком, под именем которого совершалось  ←…→",278
ANALYTICAL,1998,no,4,no,ощутимый,"началась гражданская война в Испании, и она больше осталась в", памяти ,", была более ощутима.   ←…→",280
ANALYTICAL,1925,no,5,no,ощутительный,"кто именно, и что нужно нам сделать, чтобы результаты нашей", работы ,были более ощутительны.   ←…→,281
ANALYTICAL,2008,czem,3,no,подвижный,"Конечно, в школе", он ,"«был более подвижен, чем дома, иногда шалил; но все его  ←…→",282
ANALYTICAL,1975,no,3,no,подвижный,"Конечно, если бы мои", собеседники ,"были более подвижны, мы обязательно отправились бы в город, несмотря  ←…→",283
ANALYTICAL,1898,no,4,no,помешанный,"[Дарья Захарьевна Груич, жен] Я не знаю,", кто ,"был более помешан, вы ли во время болезни, или Орест  ←…→",284
ANALYTICAL,2001,no,3,yes,понятный,Внешнеполитические шаги, Ельцина ,были более понятны и логичны.   ←…→,285
ANALYTICAL,1972,no,3,no,понятный,"кажется не слишком вразумительным, оставим его на ее совести. Второй", разговор ,"был более понятен. Удалось установить, что Наденька звонила брату и  ←…→",286
ANALYTICAL,1945,czem,3,yes,понятный,Доводы, Падурова ,"были более понятны и близки его горячему сердцу, чем упрямое  ←…→",287
ANALYTICAL,1993,no,3,no,понятный,"И поэтому, скажем, для него", животные ,"были более понятны в качестве автоматов, лишь имитирующих бытие, а  ←…→",288
ANALYTICAL,1991,no,3,no,понятный,"переделывать» те или иные отрывки Евангелия на свой лад, чтобы", они ,"были более «понятны», то есть упрощены.   ←…→",289
ANALYTICAL,2002,no,4,no,популярный,"Это одно объяснение, второе: некоторые", работы ,"были более популярны у публики, другие ― менее.   ←…→",290
ANALYTICAL,2002,no,6,no,последовательный,любые эстетические поиски Серебряного века и полагавшего их губительными для, литературы ,", была более последовательна.   ←…→",292
ANALYTICAL,1954,no,6,no,последовательный,NA, Ленин ,"был болѣе послѣдователен, когда в своих начальных построеніях, игнорируя «солдатских  ←…→",293
ANALYTICAL,1929,no,6,no,последовательный,"главным делом его жизни, с борьбой против итальянских тиранов. Тут", он ,был более последователен. То же было и с его религией  ←…→,294
ANALYTICAL,2003,no,3,no,похожий,"косточкам, он ходил даже лучше, чем Люси, то есть его", походка ,была более похожа на человеческую.   ←…→,296
ANALYTICAL,1892,no,3,no,похожий,Да и по виду, он ,был более похож на учителя или отставного офицера из ученых  ←…→,297
ANALYTICAL,1880,czem,3,no,похожий,NA, Мальчишка ,"был более похож на мать, чем на меня.   ←…→",298
ANALYTICAL,1877,no,3,no,похожий,"верхом по грязной улице, остановился у православной церкви, в которую", вход ,был более похож на вход в какой-нибудь кабак.   ←…→,299
ANALYTICAL,1876,no,3,no,похожий,NA, Маневр ,"был более похож на спектакль, приготовленный для дам: королева греческая  ←…→",300
ANALYTICAL,1995,no,3,no,похожий,Но, он ,был более похож на сына преуспевающего врача или адвоката ― во  ←…→,301
ANALYTICAL,1996,no,5,no,правдоподобный,NA, Это ,"было более правдоподобно, а то, что русы направили на выручку  ←…→",302
ANALYTICAL,2000,no,2,no,правый,"на философию стихотворения не так, как позднее Толстой, ― и, очевидно,", они ,были более правы.   ←…→,303
ANALYTICAL,1907,no,2,no,правый,"равно было время, когда вы не верили, и неизвестно, когда", вы ,были более правы и когда заблуждались ― тогда или теперь.   ←…→,304
ANALYTICAL,1905,czem,2,no,правый,NA, Он ,"был более прав, чем я, старый петербургский скептик.   ←…→",305
ANALYTICAL,1903,no,2,no,правый,Но, Гоголь ,"был более прав, когда сжигал свою драгоценную рукопись, которая могла  ←…→",306
ANALYTICAL,1883,czem,2,no,правый,NA, Чернышевский ,"был более прав, чем сам думал.   ←…→",307
ANALYTICAL,2003,no,4,yes,прагматичный,Лютер и, Кальвин ,были более прагматичны и избирательны: они хотели вернуться к духу  ←…→,308
ANALYTICAL,1995,no,3,no,практичный,Мои, приятели ,были более практичны и однажды затащили меня на чужой участок  ←…→,309
ANALYTICAL,1820,no,3,no,преданный,Наше отечество в конце XVII, столетия ,"было более предано восточным обычаям, а я по опыту знаю  ←…→",310
ANALYTICAL,1997,no,5,no,предсказуемый,"это еще и праздник первого снега; в свое время, когда", погода ,"была более предсказуема, первый снег часто выпадал на Покров.   ←…→",311
ANALYTICAL,1935,czem,6,no,предусмотрительный,"И теперь я убедился, что", Васильев ,"был более предусмотрителен, чем адмирал Рожественский.   ←…→",312
ANALYTICAL,1864,no,6,no,предусмотрительный,"Разумеется, если б", они ,"были более предусмотрительны, если б не ослепляла их самонадеянность до  ←…→",313
ANALYTICAL,2001,no,4,no,приветливый,На другой день, профессор ,был более приветлив и улыбчива профессорова жена.   ←…→,314
ANALYTICAL,1998,no,4,no,приветливый,На этот раз Софья, Григорьевна ,была более приветлива:   ←…→,315
ANALYTICAL,2007,czem,3,no,привычный,"Можно сказать, что", вилка ,"была более привычна Петру, чем его старшему коллеге по профессии  ←…→",316
ANALYTICAL,2002,no,3,no,привычный,Но все-таки пока, он ,был более привычен в формате камерного дирижера.   ←…→,317
ANALYTICAL,1953,no,3,no,привычный,"пока Чернов, наконец, решил уступить и выступить первым, ― потому ли", что ,"был более привычен к публичной полемике или потому, что был  ←…→",318
ANALYTICAL,1936,czem,3,no,привычный,Для них контекст современной западно-европейской, науки ,"был более привычен, чем беспокойные и неожиданные просторы отеческого богословия  ←…→",319
ANALYTICAL,2008,no,4,no,приемлемый,"проект на основе, приближенной к варианту Б, тем более, что", он ,"был более приемлем для большинства депутатов, ревниво отстаивавших свои права  ←…→",320
ANALYTICAL,1935,no,4,no,приемлемый,"конечно не сознаваемую, цель исправить действительность в таком направлении, чтобы", она ,была более приемлема.   ←…→,321
ANALYTICAL,1922,no,4,no,приемлемый,"античная, несравненно более символичная и по существу далекая от натуралистического", подражания ,", была более приемлема, а своею техникой ― светолепкой ― шла навстречу библейскому  ←…→",322
ANALYTICAL,1935,no,3,yes,приличный,По эту сторону насыпи, пейзаж ,был более приличен и не так густо засорен людями: речка  ←…→,323
ANALYTICAL,2001,czem,5,no,притягательный,Для Виктора, они ,"были более притягательны, чем все остальные, населяющие клинику.   ←…→",324
ANALYTICAL,1980,czem,4,no,прогрессивный,В своем быту, он ,"был более прогрессивен, чем прогрессисты других стран, включая сюда и  ←…→",325
ANALYTICAL,1918,czem,5,no,проницательный,NA, Достоевский ,"был более проницателен, чем признанные учителя русской интеллигенции, он знал  ←…→",326
ANALYTICAL,1989,no,4,no,простодушный,Раньше вообще, люди ,"были более простодушны, они истину евангельскую воспринимали прямо.   ←…→",327
ANALYTICAL,1871,no,2,no,простой,"значительную разницу в характерах обоих братьев: Антон был откровеннее Леонида,", он ,"был более прост, его манеры были несколько угловаты, он смотрел  ←…→",328
ANALYTICAL,2013,czem,2,yes,прочный,"По словам ученых, сделавших это открытие, клейкий рисово-известковый", раствор ,"был более прочен и влагостоек, чем предыдущие варианты растворов, что  ←…→",329
ANALYTICAL,1991,czem,5,no,психологичный,NA, Он ,"был более психологичен, чем Прокофьев, но чисто музыкальный материал у  ←…→",330
ANALYTICAL,1997,no,2,yes,пьяный,Зеркальный, Кулибин ,был более пьян и более глуп.   ←…→,331
ANALYTICAL,1933,czem,4,no,радикальный,"Многое говорило за то, что в массе чешская", партия ,"была более радикальна, чем австро-немецкая, и что законное  ←…→",332
ANALYTICAL,1933,no,3,yes,радостный,Это, письмо ,было более радостно и даже отчасти восторженно.   ←…→,333
ANALYTICAL,1908,no,3,no,развитый,"их народных зрелищ и увеселений доказывает, что у них кровожадные", инстинкты ,были более развиты.   ←…→,334
ANALYTICAL,1902,czem,3,yes,развитый,"Конечно, некоторые", члены ,"были более развиты, а главное, более деятельны, чем другие, но  ←…→",335
ANALYTICAL,1855,no,3,no,развитый,"и трудов, сколько Кавказская, ― нет армии, в которой бы чувство", самопожертвования ,было более развито.   ←…→,336
ANALYTICAL,2003,no,5,no,разговорчивый,"Борисов, дававший санкции на все следственные действия в отношении директора «", Стакола ,"», был более разговорчив.   ←…→",337
ANALYTICAL,2002,no,5,no,разговорчивый,"войск в ущелье, сославшись на «сложную и напряженную ситуацию». Российские", военные ,"были более разговорчивы. Они считают, что операция внутренних войск Грузии  ←…→",338
ANALYTICAL,1973,no,5,no,разговорчивый,NA, Пила ,"был более разговорчив и успел рассказать, что «наш орел» ― так  ←…→",339
ANALYTICAL,2002,no,5,no,распространенный,До этого, вайшнавизм ,"был более распространен в восточных странах, Индии.   ←…→",340
ANALYTICAL,1858,no,4,no,расстроенный,"― спросила она, помолчав. ―", Я ,"был более расстроен, ― отвечал Эльчанинов. ― Нельзя ли узнать, чем?   ←…→",341
ANALYTICAL,2001,no,5,no,рациональный,Возьму смелость утверждать: если бы, Аушев ,"был более рационален (а это значит и более федерален), мы  ←…→",342
ANALYTICAL,1968,no,5,no,реалистичный,Сейчас его не интересовали мечты будущего фюрера., Он ,"был более реалистичен. И его обрадовало, что Гиммлер настроен решительно  ←…→",343
ANALYTICAL,1934,czem,2,no,резкий,Голос, Корчагина ,"был более резок, чем он этого хотел.   ←…→",344
ANALYTICAL,1867,no,2,no,резкий,Отец же, Иринарх ,"был более резок и в улыбке, порою, несколько саркастичен.   ←…→",345
ANALYTICAL,2010,czem,5,no,религиозный,"часто встречается мысль, что люди по своей сути в то", время ,"были более религиозны, чем сейчас.   ←…→",346
ANALYTICAL,1950,czem,5,no,религиозный,"Не потому, чтобы", он ,"был более религиозен, чем тот, а потому, что этот пункт  ←…→",347
ANALYTICAL,1953,no,4,no,рискованный,В Москве, это ,"было более рискованно, и я отправился в Петербург.   ←…→",348
ANALYTICAL,2003,no,6,no,самостоятельный,Иван в малые, годы ,был более самостоятелен и умел настоять на своем.   ←…→,349
ANALYTICAL,1984,no,6,no,самостоятельный,На юге вообще, люди ,были более самостоятельны.   ←…→,350
ANALYTICAL,1918,czem,3,no,свободный,"Совет до Нового года не созывался, поэтому я в это", время ,"был более свободен, чем когда-либо.   ←…→",351
ANALYTICAL,1994,no,3,no,свободный,"Поскольку в его задачу не входило последовательное изложение всего курса,", он ,был более свободен в выборе материала.   ←…→,352
ANALYTICAL,1955,czem,5,yes,своеобразный,"Если бы не было у меня уверенности, что личность Зинаиды", Николаевны ,"была более своеобразна и замечательна, чем ее книги, то должен  ←…→",353
ANALYTICAL,1955,no,5,no,своеобразный,Классная же одежда в нашей, гимназии ,"была более своеобразна: она состояла из черной блузы, обшитой по  ←…→",354
ANALYTICAL,1976,czem,3,no,свойственный,"найденные русскими полярниками полыньи ― лишь остатки, следы той эпохи, когда", тепло ,"было более свойственно Северу, чем непрестанные холода?   ←…→",355
ANALYTICAL,1950,no,3,no,связанный,"Отмечу лишь наиболее важные и то,", что ,было более связано с тем историческим моментом и государственно-  ←…→,356
ANALYTICAL,1934,no,3,no,связанный,"применить, были бы более благодарны д-ру Чапману, если бы этот", материал ,"был более тесно связан со сложными популяционными проблемами, имеющими место  ←…→",357
ANALYTICAL,1880,no,4,no,сговорчивый,Тогда ему оставалось прибегнуть только за помощью к писарю Семенычу., Семеныч ,"был более сговорчив. Семеныч сам любил пояснять, конечно, за приличное  ←…→",358
ANALYTICAL,2014,no,3,yes,сдержанный,Официальный американский «, ответ ,"» был более сдержан, но ничуть не более конструктивен.   ←…→",359
ANALYTICAL,2002,no,3,no,сдержанный,Зураб, Жвания ,"был более сдержан, но и он казался доволен прошедшими консультациями  ←…→",360
ANALYTICAL,1980,no,3,no,сдержанный,"-троцкистской банды, в которой я был наемным убийцей». Признания", Ягоды ,были более сдержанны. Он хотел с самого начала перенести свое  ←…→,361
ANALYTICAL,1933,no,3,no,сдержанный,"Государственный Контролер поддерживал его самым решительным образом, Морской", Министр ,был более сдержан и указывал на целый ряд чисто практических  ←…→,362
ANALYTICAL,1921,no,3,no,сдержанный,Русская революция спасена»… Английская, пресса ,была более сдержанна. Тяжеловесный «Times» пока воздерживался от поздравлений: наступление  ←…→,363
ANALYTICAL,1908,no,3,no,сдержанный,NA, Качура ,"был более сдержан, заявляя, что он готов ждать, но чтобы  ←…→",364
ANALYTICAL,1996,no,3,no,сдержанный,"площадь при Филатове, и это уже значит много», ― представитель московской", мэрии ,был более сдержан в оценках.   ←…→,365
ANALYTICAL,1999,czem,3,no,серьёзный,"Тот, хохоча, отвечал, и его", хохот ,"был более серьезен, чем ответ.   ←…→",366
ANALYTICAL,1921,no,3,no,серьёзный,Угроза же со стороны Воронежа левому флангу Донской, армии ,была более серьезна.   ←…→,367
ANALYTICAL,2002,no,2,no,сильный,). Традиционно раньше, мы ,были более сильны именно в секторе потребительских товаров и копировальной  ←…→,368
ANALYTICAL,2004,no,2,no,склонный,"― Как это обычно бывает, ― рассказывает Алексей Вязьминов, ― супруга хозяина", дома ,"была более склонна к классическому интерьеру, сам же хозяин готов  ←…→",369
ANALYTICAL,2002,no,2,no,склонный,Наши, собеседники ,были более склонны согласиться со второй точкой зрения.   ←…→,370
ANALYTICAL,2000,czem,2,no,склонный,Некоторые российские средства, информации ,"были более склонны принять это, чем другие.   ←…→",371
ANALYTICAL,1923,no,2,no,склонный,"и категорического моего заявления, тогда как по свойству его характера", он ,был более склонен к положениям нерешительным и неопределённым.   ←…→,372
ANALYTICAL,2002,no,2,no,скромный,Прочие, политики ,были более скромны и пребывали в надежде славы и добра  ←…→,373
ANALYTICAL,1980,no,2,no,скромный,"После Дома Советов и особняка, где он жил короткое время,", это ,"было более скромно, но уютно, и, в общем, места было  ←…→",374
ANALYTICAL,2002,no,2,no,скупой,"Карл, как", мужчина ,", был более скуп на проявление чувств, хотя нельзя сказать, что  ←…→",375
ANALYTICAL,1841,czem,2,yes,скучный,"И вот почему мне казалось, что", я ,"был более скучен и холоден с вами, чем с кем-либо  ←…→",376
ANALYTICAL,2007,no,2,no,сложный,Там, все ,"было более сложно: Федоров надеялся, что ему предложат серьезные полномочия  ←…→",377
ANALYTICAL,1968,no,2,no,сложный,"симпатии к себе, обнаружить истинное лицо заключенных и, с другой ―", это ,"было более сложно, ― сблизившись с особенно непокорными узниками, внушить им  ←…→",378
ANALYTICAL,1939,no,3,no,случайный,"Я не знаю, что в его", жизни ,"было более случайно ― то, что он был бродягой, или то  ←…→",379
ANALYTICAL,2003,no,5,no,снисходительный,К., Гиршфельд ,"был более снисходителен, считая, что искусству под силу создать иллюзию  ←…→",381
ANALYTICAL,1922,no,5,no,снисходительный,"И он был бы рад, если бы", жена ,"была более снисходительна к ухаживаниям черного, усатого Щербакова.   ←…→",382
ANALYTICAL,1996,no,5,no,снисходительный,Городской, суд ,"был более снисходителен к преступному электрику, приговорив его к шести  ←…→",383
ANALYTICAL,1899,no,4,no,сомнительный,"ободряющим те части войск, перед которыми было наибольшее сопротивление, где", успех ,был более сомнителен.   ←…→,384
ANALYTICAL,2004,no,11,no,социально-ориентированный,"Но главное, по-моему, заключалось в том, что та", экономика ,"была более социально ориентирована, в центре ее всегда был человек  ←…→",385
ANALYTICAL,2003,no,3,no,спокойный,"на все трудности ее сын, и всегда старалась меня поддержать.", Отец ,был более спокоен. Когда мною было принято решение о поступлении  ←…→,386
ANALYTICAL,1935,czem,3,no,спокойный,Но в бою, он ,"был более спокоен, чем во время похода, и хладнокровно отдавал  ←…→",387
ANALYTICAL,1925,no,3,no,спокойный,Но все же за успех операции с телом «камеристки», он ,был более спокоен.   ←…→,388
ANALYTICAL,1906,no,3,no,спокойный,NA, Он ,"был более спокоен, усталость поглотила избыток возбуждения.   ←…→",389
ANALYTICAL,1914,no,4,no,справедливый,"друг с другом, когда открыто боролись с оружием в руках,", это ,было более справедливо…   ←…→,390
ANALYTICAL,2010,czem,3,no,стандартный,"[Slay, nick] Короткие", болты ,"были более стандартны, чем длинные стрелы, а это было важно  ←…→",391
ANALYTICAL,1959,no,3,no,старинный,"Вот именно,", это ,"было более старинно, более древне, более отодвинуто в сказочные, если  ←…→",392
ANALYTICAL,2007,no,2,no,строгий,не менее старинные русские обычаи проглядывали во многом» 5. К себе, Пётр ,был более строг. Только в торжественных случаях на камчатной скатерти  ←…→,393
ANALYTICAL,2001,czem,2,no,строгий,В древнее время церковная, дисциплина ,"была более строга, чем ныне, и люди, впадшие в тяжкие  ←…→",394
ANALYTICAL,1875,no,2,no,строгий,"хам по убежденьям» заботится о благочинии иноческом, о том, чтобы", монашество ,"было более строго, чтобы аскетизм был выше; а в сущности  ←…→",395
ANALYTICAL,2010,no,3,no,суровый,По отношению к девушкам нормы общественной, морали ,были более суровы.   ←…→,396
ANALYTICAL,1987,czem,3,no,суровый,В своих высказываниях, он ,"был более суров к явлению такого рода, чем это практически  ←…→",397
ANALYTICAL,1984,czem,4,no,существенный,"Я понял, что причина такого его", поведения ,"была более существенна, чем неизменно доброжелательное отношение к моей персоне  ←…→",398
ANALYTICAL,2000,no,3,no,счастливый,"Если меня спросят, где", я ,был более счастлив ― двадцать три года в Зачмоне или десять  ←…→,399
ANALYTICAL,1889,no,3,no,счастливый,Дядя Григорий, Павлыч ,"был более счастлив: он приставил к дедушке камердинера Пахома, который  ←…→",400
ANALYTICAL,2002,czem,4,no,талантливый,"Например, Михаил Матюшин и его последователи Мария и Ксения Эндер (", сестры ,"были более талантливы, чем их братья Георгий и Борис, который  ←…→",401
ANALYTICAL,1946,no,2,no,твёрдый,"На местах, где", берег ,"был более тверд, путешественники видели большие пространства засохшей и растрескавшейся  ←…→",402
ANALYTICAL,2003,no,4,no,терпеливый,"Она пожала плечами и сказала, что вчера", я ,был более терпелив.   ←…→,403
ANALYTICAL,2002,no,3,no,терпимый,Пожилой пан, Юзеф ,был более терпим к моему с трудом скрываемому атеизму; молодой  ←…→,404
ANALYTICAL,2001,czem,3,no,терпимый,"Рискну утверждать, что перестроечная горбачевская", власть ,"была более терпима к инакомыслию, чем нынешняя, называющая себя демократической  ←…→",405
ANALYTICAL,1999,no,2,no,точный,Некоторые деятели, науки ,были более точны в своих предсказаниях.   ←…→,406
ANALYTICAL,1947,no,2,no,точный,Но если бы ваш, выстрел ,был более точен…   ←…→,407
ANALYTICAL,1943,czem,5,no,убедительный,Это его, бесстрастие ,"было более убедительно, чем дуэли.   ←…→",408
ANALYTICAL,1923,no,4,no,уверенный,"На этот раз рабочие-ткачи, а также", прядильщики ,были более уверены в правом деле.   ←…→,409
ANALYTICAL,1981,no,5,no,увлекательный,"Наоборот, игры и", занятия ,"были более увлекательны там, где педагоги воспитывали у детей интерес  ←…→",410
ANALYTICAL,1943,czem,4,yes,угловатый,Нижегородские, прелестницы ,"были более угловаты и неловки, чем московские, но это восхищало  ←…→",411
ANALYTICAL,2008,no,4,no,удачливый,Третий, контрабандист ,"был более удачлив, вернее, его ловец менее опытный.   ←…→",412
ANALYTICAL,1886,no,4,no,удачливый,"С Кончаловским, мировым судьей в Екатеринославской губернии,", прокурор ,был более удачлив.   ←…→,413
ANALYTICAL,1966,no,3,no,удачный,… Следующий визит в, зоосад ,"был более удачен, хотя на этот раз мы ходили туда  ←…→",414
ANALYTICAL,1909,czem,4,yes,удивленный,NA, Он ,"был более удивлен и восхищен, чем обрадован, ― прекрасна была первозданная  ←…→",415
ANALYTICAL,2008,no,2,no,удобный,Этот, маршрут ,"был более удобен для тех, кто боялся морских путешествий.   ←…→",416
ANALYTICAL,1923,no,4,no,умеренный,Мои, требования ,"были более умеренны, но за них я по-прежнему считал необходимым  ←…→",417
ANALYTICAL,1995,no,3,yes,условный,Просто в газетах, это ,"было более условно, субъективно, а потому и отстраненно.   ←…→",418
ANALYTICAL,1939,no,3,no,успешный,Боевые действия 18-го ландверного, полка ,были более успешны: полк прорезал в проволочных сетях десять проходов  ←…→,419
ANALYTICAL,2010,no,4,no,характерный,Универсалистские, ответы ,"были более характерны для Прибалтики, партикуляристские/фундаменталистские ― для Средней Азии  ←…→",420
ANALYTICAL,1998,no,4,yes,хитроумный,"первая его попытка познакомиться с моим машинописным почерком, но прежние", попытки ,"были более хитроумны и осторожны ― боялся меня вспугнуть, а сейчас  ←…→",421
ANALYTICAL,1954,no,6,no,целесообразный,"было больше утопіи, и какой путь тогда для культуры и", человѣчества ,был болѣе цѣлесообразен?   ←…→,422
ANALYTICAL,2003,czem,7,no,человекоподобный,"По утверждению палеоантропологов Сену и Пикфорда, которые нашли оррорина, их", найденыш ,"был «более человекоподобен, чем все остальные австралопитеки, включая Люси».   ←…→",423
ANALYTICAL,2007,no,2,no,честный,Другой, голос ,был более честен в своей неприязни:   ←…→,424
ANALYTICAL,1989,no,5,no,честолюбивый,NA, Мать ,была более честолюбива и мечтала для своего Сосо о карьере  ←…→,426
ANALYTICAL,2003,czem,4,no,чувствительный,в течение некоторого времени до заражения вирусом SIVmac239 регулярно вводили, опиоиды ,", были более чувствительны к заражению этим вирусом, чем макаки, не  ←…→",427
ANALYTICAL,1924,czem,2,no,чуждый,И чем их духовный, облик ,"был более чужд, чем больше разнились их боги от обычных  ←…→",429
ANALYTICAL,1924,czem,2,no,чуждый,"либерально-интеллигентских кругах в моей земской, политической и общественной", деятельности ,", был более чужд, чем скромный, более демократического облика Деникин.   ←…→",430
ANALYTICAL,1939,no,3,no,широкий,Такова была официальная мотивировка путешествия; но замысел, Потемкина ,был более широк…   ←…→,431
ANALYTICAL,2002,no,2,no,щедрый,"Впрочем, обычная", реклама ,была более щедра на ресторанные эмоции: «Крыша московского небоскреба!   ←…→,432
ANALYTICAL,1994,czem,4,yes,элегантный,"анализ, и подход, и самый стиль работы, нужно отдать им", справедливость ,", были более элегантны, более интересны, чем у Дьюара».   ←…→",433
ANALYTICAL,1996,no,6,no,эмоциональный,Вера Васильевна, Горностаева ,"была более эмоциональна: ""Низкий поклон чародейке, королеве музыкальной гостиной ― Ирине  ←…→",434
ANALYTICAL,2001,no,4,no,энергичный,Так что чем, я ,"был более энергичен, тем желаемый результат становился менее достижим.   ←…→",435
ANALYTICAL,1998,czem,2,no,ясный,Детали всего этого пока, что ,"были более ясны герою, чем его автору.   ←…→",436
ANALYTICAL,2004,no,2,no,сонный,"показали, что опытные сардельки имели вкус и аромат сливочного масла,", они ,"были более сочными, по сравнению с контрольными образцами, и менее  ←…→",437
ANALYTICAL,2004,no,4,no,достоверный,Для того чтобы, расчеты ,"были более достоверными, специализированным предприятиям ЖКХ и предприятиям других видов  ←…→",438
ANALYTICAL,2011,no,4,no,конструктивный,"Если относить к философам науковедов, то с ними", контакт ,был более конструктивным.   ←…→,439
ANALYTICAL,1943,no,3,no,интимный,Но среди своих и близких тема моей, речи ,была более интимной.   ←…→,440
ANALYTICAL,2004,no,2,yes,гибкий,"документе содержался призыв реформировать британские вооруженные силы таким образом, чтобы", они ,были «более гибкими и приспособленными к различным театрам военных действий  ←…→,441
ANALYTICAL,1999,no,2,no,гибкий,Если бы Зюганов и его, окружение ,были более гибкими и не запугивали страну возможностью нового передела  ←…→,442
ANALYTICAL,1947,no,2,no,гибкий,"этого свидания он мне показался несколько живее, чем раньше, его", походка ,"была более гибкой, в его глазах я не заметил на  ←…→",443
ANALYTICAL,2009,no,3,no,сказочный,"напрямую, а мне лично истории прошлых Ночей Сказок нравились больше.", Они ,"были более сказочные. ― Вот именно, ― пробубнил Лэри, вгрызаясь в бутерброд  ←…→",444
ANALYTICAL,2003,no,3,yes,абстрактный,"о языке власти, который в России на протяжении всей истории", страны ,"был более абстрактным, тяготел к более широким и глубоким обобщениям  ←…→",445
ANALYTICAL,2000,no,4,no,агрессивный,"Такая талантливая, сильная женщина, она требовала, чтобы", я ,была более агрессивной.   ←…→,446
ANALYTICAL,1946,czem,4,no,органический,"значит, в противоположность органической теории славянофилов, что на Западе строй", жизни ,"был более органическим, чем в России.   ←…→",450
ANALYTICAL,2010,no,4,no,позитивный,Но последние три месяца 2009, года ,"были более позитивными, и этот тренд продолжится в 2010 году  ←…→",451
ANALYTICAL,2006,czem,5,no,образованный,"Хотел, чтобы", сын ,"был более образованным, чем я.   ←…→",452
ANALYTICAL,1991,czem,5,no,образованный,NA, Он ,"был более образованным, чем требовалось для двухклассной деревенской школы, особенно  ←…→",453
ANALYTICAL,2002,czem,4,no,болезненный,Для него, оно ,"было более болезненным, чем для правоверного марксиста.   ←…→",454
ANALYTICAL,1955,no,2,yes,шумный,"и пьяных шаталось здесь больше, чем где-либо в Европе и", они ,"были более шумные, буйные, а то и страшные.   ←…→",455
ANALYTICAL,1971,no,4,no,передовой,Металлисты же по уровню их, техники ,были более передовыми.   ←…→,456
ANALYTICAL,1995,no,3,no,подробный,"Я уже слушал его с историками, но нынче", курс ,"был более подробный, годовой, и я, конечно, опять слушал его  ←…→",457
ANALYTICAL,1894,no,3,yes,наружный,NA, Отношения ,"были более наружные, светские, но не заводилось ни ссор, ни  ←…→",458
ANALYTICAL,1999,no,2,yes,светский,NA, Архитектуры ,"была более светской, да и отношение к искусству более эстетическое  ←…→",459
ANALYTICAL,2006,czem,3,no,значимый,Влияние наследия античных институтов и римского, права ,"было более значимым для европейского развития, чем идея всемирной монархии  ←…→",460
ANALYTICAL,1970,no,4,no,откровенный,Договорились о встрече в Москве. Там, разговор ,"был более откровенный. «Косой» почувствовал, что еще не все потеряно  ←…→",461
ANALYTICAL,1928,czem,4,no,откровенный,"Единственная женщина, с которой", он ,"был более откровенным, чем с другими, это ― Никонова, но это  ←…→",462
ANALYTICAL,1948,czem,2,no,чуждый,"каплю крови, но как только он думал о новом, ― нет,", оно ,"было более чуждым, пожалуй, чем Европа.   ←…→",463
ANALYTICAL,2004,czem,5,no,привлекательный,"стороны коммунистической власти, свободно трудиться и добиваться результатов, строить процветающую", жизнь ,"была более привлекательной, чем сомнительная победа на выборах.   ←…→",464
ANALYTICAL,2002,no,2,no,прочный,"Верхний, из закаленной", стали ,", был более прочным, нижний слой, из мягкой стали, предохранял закаленную  ←…→",465
ANALYTICAL,1999,no,4,no,безопасный,По сравнению с «тарзаньими» забавами наши мушкетерские, игры ,были более безопасными для здоровья: мы рисковали во время наших  ←…→,466
ANALYTICAL,2001,no,2,no,вольный,"академических судах, где женщин было уже гораздо больше, да и", условия ,"были более вольные, я насмотрелся на множество авантюрных ситуаций, которые  ←…→",467
ANALYTICAL,1886,czem,2,no,гордый,Вряд ли, он ,"был более гордый, чем его петербургский собрат, претендующий на то  ←…→",468
ANALYTICAL,2011,no,4,no,благодарный,Мистер Дьюли отправился в соседний номер ― к Кемблу. Здесь, почва ,"была более благодарная. Кембл выслушал всю речь мистера Дьюли, усиленно  ←…→",470
ANALYTICAL,2011,czem,5,no,благоприятный,"[Прохожий, муж] Причем даже в 90-х,", ситуация ,"была более благоприятная, чем сейчас.   ←…→",471
ANALYTICAL,2003,no,5,no,благоприятный,"Хотелось, чтобы этот", год ,был более благоприятным в пожароопасном отношении.   ←…→,472
ANALYTICAL,1995,no,5,no,благоприятный,"наблюдать в 1944 году, в последующий период, когда в принципе", условия ,были более благоприятные и Советский Союз добился от Финляндии больше  ←…→,473
ANALYTICAL,2004,czem,3,no,искренний,"Они, может быть, просто выглядели по-другому, хотя во многом", все ,"было более искренним, чем сейчас.   ←…→",474
ANALYTICAL,2002,no,3,no,искренний,6. Чтобы семейные или партнерские, взаимоотношения ,"были более искренними и служили совершенствованию человека, необходимо исходить из  ←…→",475
ANALYTICAL,1998,no,3,no,искренний,На этот раз, улыбка ,"была более искренняя ― хотя, все равно, вымученная.   ←…→",476
ANALYTICAL,1997,no,2,no,снежный,"Нам кажется, что раньше и", зимы ,"были более снежными, и лето куда теплей.   ←…→",477
ANALYTICAL,2014,no,3,no,наивный,Юлия: Дети стали раньше взрослеть. Раньше десятилетние, ребята ,были более наивными. Сейчас они уже в девять лет обсуждают  ←…→,478
ANALYTICAL,1948,no,2,no,смелый,шел дальше общих принципов трансцендентализма в гносеологии и лишь в, натурфилософии ,был более смелым.   ←…→,479
ANALYTICAL,1929,no,2,no,жуткий,"землю, и откликались лишь на зов знавших их повстанцев. Здесь", картина ,была более жуткая. Она задела мое сердце.   ←…→,480
ANALYTICAL,1995,no,2,yes,краткий,"Можно пожелать, чтобы", термины ,"были более краткими и емкими, хорошо врезающимися в память, всесторонне  ←…→",481
ANALYTICAL,1876,czem,4,no,торжественный,"тем же Менандром; уже сам факт описания свидетельствует, что это", посольство ,"было более торжественное, чем другие предшествующие ему, и вообще имело  ←…→",482
ANALYTICAL,2002,no,3,no,выгодный,"В дальнейшем, чтобы", продажа ,"была более выгодной для каждого из нас, возможно, мы с  ←…→",483
ANALYTICAL,2001,no,3,no,выгодный,этом плане положение «блестяще изолированной» и «равноудаленной» от континентальных держав, Англии ,было более выгодным.   ←…→,484
ANALYTICAL,1993,no,3,no,удачный,"женой стала Эмма, состоятельная дама, имевшая уже взрослого сына. Этот", брак ,"был более удачным. Вскоре родилась дочь, названная Эммой Клод.   ←…→",485
ANALYTICAL,1993,no,3,no,удачный,Второе, замужество ,"было более удачным, и, может быть, одна из причин тому  ←…→",486
ANALYTICAL,1989,czem,6,no,революционный,"Это событие, как показало последующее", столетие ,", было более революционным, чем события Великой Октябрьской социалистической революции: это  ←…→",487
ANALYTICAL,1943,no,4,no,повышенный,"испытала еще неудач, ― и вообще на провинциальные отделения Совета. Тут", настроение ,было более повышенное. Я тогда перешел от общих рассуждений к  ←…→,488
ANALYTICAL,1992,no,3,no,разумный,"бы и спастись, и закончить жизнь спокойно, если бы эти", маневры ,были более разумными.   ←…→,489
ANALYTICAL,2002,no,4,no,качественный,«Если бы их, продукция ,"была более качественной, ― уверен Анатолий Колин, ― то гарантия как таковая  ←…→",490
ANALYTICAL,2004,no,4,no,устойчивый,В отличие от жестких дирижаблей, они ,"были более устойчивыми к ударам, а оболочку, выпустив газ, было  ←…→",491
ANALYTICAL,2001,czem,4,yes,устойчивый,"Оказывается, «в духовном, нравственном отношении советская", жизнь ,"была более устойчивой и органичной, чем нынешняя посткоммунистическая».   ←…→",492
ANALYTICAL,2000,no,4,no,устойчивый,В театральной истории для этой, пьесы ,"было более устойчивым другое, законное определение: комедия ханжества, в диапазоне  ←…→",493
ANALYTICAL,1968,no,4,no,устойчивый,"лаки иногда вводят специальные добавки: силиконы, повышающие гидрофобность лаков (чтобы", сетка ,"была более устойчивой в пасмурную погоду, когда воздух насыщен влагой  ←…→",494
ANALYTICAL,2003,czem,3,no,суровый,"часа в день, и это при том, что его условия", содержания ,"были более суровыми, чем у большинства: ни общих прогулок, ни  ←…→",495
ANALYTICAL,1966,no,3,no,суровый,В средние века, нравы ,были более суровыми.   ←…→,496
ANALYTICAL,2006,no,2,no,явный,"светского проповедника», которую не мог занять ни, скажем, Аверинцев (чья", религиозность ,"была более явной, а для восприятия того, что он говорил  ←…→",497
ANALYTICAL,1998,no,2,no,явный,"нее было больше со второй Татьяной, чем с первой. Проститутские", черты ,были более явными. И опять у Алексея ничего с ней  ←…→,498
ANALYTICAL,1885,czem,3,yes,нравственный,"как будто в родной семье, с тою разницею, что эта", семья ,"была более нравственная и более разумная, чем та родная семья  ←…→",499
ANALYTICAL,2003,no,3,no,успешный,― Для того чтобы, бизнес ,"был более успешным, нужно стремиться к низким налогам.   ←…→",500
ANALYTICAL,2003,no,3,no,успешный,"Я не читал Коваленко, но, кажется, ее практическая", деятельность ,была более успешной.   ←…→,501
ANALYTICAL,2010,no,2,no,модный,"― С.Р.), конечно,", они ,"были более модные, и мы им завидовали…»   ←…→",502
ANALYTICAL,2012,no,2,no,ровный,― По себе ощущаю: несколько десятилетий назад, зимы ,были более ровными.   ←…→,503
ANALYTICAL,2008,no,2,no,плотный,"Пожалуй, только с французским национальным аэронавтическим научно-исследовательским центром (ONERA)", контакты ,были более плотными.   ←…→,504
ANALYTICAL,1999,no,2,no,плотный,"отцедить и затем аккуратно уложить в банки, слегка встряхивая, чтобы", укладка ,была более плотной.   ←…→,505
ANALYTICAL,1969,no,2,yes,плотный,"перед нанесением покрывать грунт земляной краской нейтрального цвета, чтобы красочное", покрытие ,было более плотным и сильным.   ←…→,506
ANALYTICAL,1968,no,2,no,четкий,Чтобы, изображение ,"было более четким, проявленный отпечаток окрашивают в 1%-ном растворе  ←…→",507
ANALYTICAL,1940,no,5,no,разнообразный,У богачей, пища ,"была более разнообразная, молочно-мясная, водилась также покупная пшеничная  ←…→",508
ANALYTICAL,2004,no,2,no,тесный,"дополнительную занятость, с тем, чтобы связь этого показателя с показателями", производства ,была более тесной.   ←…→,509
ANALYTICAL,1899,no,4,no,христианский,"в круг христианской образованности состоит в том, чтобы сами христианские", народы ,"были более христианскими, чтобы во всех отношениях своей собирательной жизни  ←…→",510
ANALYTICAL,1966,no,4,no,объективный,"Вепер же, «прозевавший»", ванадий ,", был более объективным и никого, кроме себя в этом не  ←…→",511
ANALYTICAL,1945,czem,6,no,демократический,"того, чтобы были признаны действительными законы, принятые на севере, где", Законодательство ,"было более демократическим, чем в южных районах.   ←…→",512
ANALYTICAL,1995,no,2,yes,грубый,"В отличие от моей ахагийской, игра в", Виррон ,была более грубой и мужественной.   ←…→,513
ANALYTICAL,1978,czem,4,no,ответственный,"августе же в основном распределили по устным указаниям тех,", кто ,"был более ответственный, чем он, отвечавший всего лишь за торговлю  ←…→",514
ANALYTICAL,1929,czem,4,no,одинокий,начала эмансипации от него; только А. С. и в описываемое, время ,"был более одиноким, чем я, и с несравненно большею силою  ←…→",515
ANALYTICAL,1997,no,3,no,прозрачный,На самом деле, причина ,была более прозаичной.   ←…→,516
ANALYTICAL,2009,no,2,yes,густой,Чтобы, он ,"был более густым и плотным, в него добавляют сухое молоко  ←…→",517
ANALYTICAL,1908,no,2,no,мирный,"По счастию, однако, исход", распри ,"был более мирным, потому что одержали верх голоса более благоразумных  ←…→",518
ANALYTICAL,2007,czem,2,no,скромный,Это, торжество ,"было более скромным, чем состоявшееся в сентябре того же года  ←…→",519
ANALYTICAL,2004,no,2,no,скромный,"Правда, в промышленном производстве", прирост ,"был более скромным (1,3 против 7,4  ←…→",520
ANALYTICAL,1955,no,2,no,скромный,У Мариинского театра, вид ,"был более скромный и менее внушительный, однако до того момента  ←…→",521
ANALYTICAL,1965,no,4,no,популярный,"и не Владимира Леонидовича, а его брата Анатолия, который одно", время ,был более популярным?   ←…→,522
ANALYTICAL,2012,no,2,no,удобный,"и Конрада штурмовать Дамаск со стороны пустыни, будто бы то", место ,было более удобным.   ←…→,523
ANALYTICAL,2011,no,2,no,удобный,"наглядно видно, что та система для минимум 70% жителей постсоветского", пространства ,была более удобной.   ←…→,524
ANALYTICAL,2004,no,2,no,удобный,Такое, действие ,"было более удобным для оператора, работающего на арифмометре.   ←…→",525
ANALYTICAL,1967,no,2,no,удобный,"Мне хочется, чтобы мое будущее", детство ,"было более удобным, чтобы оно не застигло меня врасплох: все  ←…→",526
ANALYTICAL,1862,no,4,yes,коммерческий,"в теплом куньем халате, за выкладками, соображениями и письмами. Его", переписка ,"была более коммерческая, деловая. На гумне в это время домолачивалась  ←…→",527
ANALYTICAL,2001,czem,1,yes,злой,Советский «подпольный» человек по, необходимости ,"был более злым, более разрушительным и жестоким, чем «подпольный» человек  ←…→",528
ANALYTICAL,1891,no,3,no,истинный,"юноше трудно было отдать себе отчет в волновавших чувствах, уразуметь,", что ,"было более истинным, что преходящим, минутным увлечением.   ←…→",529
ANALYTICAL,1860,no,2,no,строгий,Обхождение с ними, Форсевильши ,"было более строгое: от взгляда ее, от одного движения губ  ←…→",530
ANALYTICAL,2003,no,2,no,резкий,Реакция на появление датского корвета в акватории Балтийского, флота ,была более резкой: МИД РФ вручил послу Дании в России  ←…→,531
ANALYTICAL,1989,no,2,no,резкий,"Второе пробуждение, около 4 часов", утра ,", было более резким, я почувствовал какое-то шевеление около ног.   ←…→",532
ANALYTICAL,2002,czem,2,no,честный,Даже в советские времена «, Известия ,"» были более честными, чем другие газеты.   ←…→",533
ANALYTICAL,2004,no,4,no,эффективный,"Антиоксидантная смесь, состоящая из БОТ и лимонной", кислоты ,", была более эффективной по сравнению с одним БОТ на протяжении  ←…→",534
ANALYTICAL,2004,czem,4,no,эффективный,Применение препарата по профилактической схеме (за 4 ч до, инфицирования ,") было более эффективным, чем его использование через 1 ч после  ←…→",535
ANALYTICAL,2003,no,4,yes,эффективный,"Все стремился, чтобы", производство ,было более эффективным и менее вредным.   ←…→,536
ANALYTICAL,2003,no,4,no,эффективный,"Мы вынуждены это делать для того, чтобы экономика", страны ,была более эффективной в целом.   ←…→,537
ANALYTICAL,2002,no,4,no,эффективный,Чтобы «мороженная», диета ,"была более эффективной, в производстве этого продукта иногда используется не  ←…→",538
ANALYTICAL,2002,no,3,no,понятный,"Чтобы устройство системы аксиом Гильберта, да и любой системы аксиом", геометрии ,", было более понятным, ― важное предварительное замечание.   ←…→",539
ANALYTICAL,1938,czem,3,yes,культурный,"Новые производительные силы требуют, чтобы работники", производства ,"были более культурными и понятливыми, чем забитые и темные крепостные  ←…→",540
ANALYTICAL,2002,no,2,no,жесткий,"― Режиссеру захотелось, чтобы", я ,был более жестким.   ←…→,541
ANALYTICAL,2004,czem,2,no,крепкий,с Ниф-Нифом и у бомжей возле Трех вокзалов, дома ,"были более крепкими, чем эта ужасная нора.   ←…→",542
ANALYTICAL,1979,czem,2,no,крепкий,И, слова ,"были более крепкими, чем когда он ругал главк.   ←…→",543
ANALYTICAL,1991,no,2,yes,трудный,В организации и упорядочении работы Совета Народных Комиссаров Туркреспублики, задачи ,"были более трудные и сложные, так как сама работа его  ←…→",544
ANALYTICAL,2004,no,3,no,спокойный,"Раньше таких ярких не делали, цветовая", гамма ,была более спокойной.   ←…→,545
ANALYTICAL,2002,czem,3,no,спокойный,Прошедший, год ,"был более спокойным, чем предыдущий 2001.   ←…→",546
ANALYTICAL,1995,no,3,no,спокойный,Ты вернулся. Реакция, Мазаева ,"была более спокойной. Он, казалось, был ничуть не удивлен моим  ←…→",547
ANALYTICAL,1923,no,3,no,спокойный,"Затем я ее не раз видел, когда", она ,была более спокойной.   ←…→,548
ANALYTICAL,2004,no,2,no,мягкий,"не надо.можно при поласкании в машину добавлять размягчитель, чтобы", одежда ,была более мягкой.   ←…→,549
ANALYTICAL,1971,no,2,no,мягкий,"на Руси, прежде чем она подверглась сильному влиянию Польши, социальный", строй ,"был более мягкий, именно там не было строгого разграничения сословий  ←…→",550
ANALYTICAL,1886,no,2,no,мягкий,"приговоры в двух вариантах: одни, условные, были чрезвычайно жестокие, другие,", настоящие ,", были более мягкие, и их в форме ходатайства о помиловании  ←…→",551
ANALYTICAL,2000,no,2,no,дружный,На этот раз, аплодисменты ,"были более дружные, хотя, как мне показалось, холодноватые.   ←…→",553
ANALYTICAL,1954,no,2,yes,узкий,Но на суде было не до ее разоблачения полностью; задача, защиты ,была более узкая и ее силам доступная: опровергнуть в умах  ←…→,555
ANALYTICAL,1946,no,2,no,узкий,"как и на родине, серебряным мостом через весь небосвод, но", она ,была более узкой.   ←…→,556
ANALYTICAL,1946,no,2,no,редкий,"Там, где", деревья ,"были более редкими, часто встречались животные необычного вида.   ←…→",557
ANALYTICAL,1968,no,3,no,правильный,"допущена серьезная ошибка, что, очевидно, тот, другой, отвергнутый в Москве", план ,был более правильным.   ←…→,558
ANALYTICAL,1989,no,2,no,слабый,"Из двоих более виноватым выглядел Буркин, к тому же", он ,был более слабым.   ←…→,559
ANALYTICAL,1959,czem,2,yes,слабый,"ту колею, где я начинал чувствовать себя более маленьким, чем", я ,"был, более слабым, болезненным.   ←…→",560
ANALYTICAL,2008,czem,3,no,опасный,Такой, социализм ,"был более опасным для Запада, чем полуазиатский, полукрестьянский социализм Сталина  ←…→",561
ANALYTICAL,2003,no,3,no,опасный,Зато, она ,была более опасной ― ведь советская власть всегда с преувеличенным почтением  ←…→,562
ANALYTICAL,1969,no,3,no,опасный,с формалином и позднее попал в коллекцию Зоологического института. Другой, случай ,"был более опасным. Чтобы сделать под водой несколько снимков, мы  ←…→",563
ANALYTICAL,1962,no,4,no,естесственный,Ее смелый и веселый голос по телефону неприятно удивил Максимова., Молчание ,было более естественным. Сегодняшняя их встреча была четвертой после того  ←…→,564
ANALYTICAL,2000,no,4,no,естественный,NA, Он ,был более естественным и гарантировал наименьшие потери.   ←…→,565
ANALYTICAL,2003,no,3,no,духовный,"Странно, но при коммунистах ваши", люди ,были более духовными.   ←…→,566
ANALYTICAL,2002,czem,2,no,теплый,"По сведениям, поступившим от сотрудников Астраханского заповедника, зима и", весна ,"были более теплыми, чем среднемноголетние, а лето близким к среднемноголетнему  ←…→",567
ANALYTICAL,2004,no,2,yes,тихий,По сравнению с прошлогодним первенством в Стамбуле нынешнее место, проведения ,было более тихим и уютным.   ←…→,568
ANALYTICAL,2010,no,4,no,постоянный,"в мужчин ― в тех, что были недолго, и в тех,", что ,были более постоянными и даже настаивали на совместном житии-  ←…→,569
ANALYTICAL,2003,no,2,no,мелкий,Так как ячейка, сети ,"была более мелкой, то уже меньше исходных точек участвовало в  ←…→",570
ANALYTICAL,1993,czem,2,yes,тонкий,"старый инвентарь, и у составителя, человека XVIII века, вкус и", взгляд ,"были более тонкие и острые, чем у нас.   ←…→",571
ANALYTICAL,1997,no,4,no,значительный,Если бы, сумма ,"была более значительная, то денег у них могло и не  ←…→",572
ANALYTICAL,1939,czem,4,no,значительный,"трение воды и возникало трение в газообразной среде, плотность которой,", правда ,", была более значительной, чем плотность атмосферного воздуха, но во много  ←…→",573
ANALYTICAL,2009,no,2,no,точный,Чтобы, прогнозы ,"были более точными, узлы сетки (метеостанции) в идеале должны быть  ←…→",574
ANALYTICAL,1970,no,2,no,точный,"миллиметровой бумагой и обращайте внимание на выбор подходящего масштаба, чтобы", ответы ,были более точными.   ←…→,575
ANALYTICAL,1950,no,2,yes,левый,Одни, элементы ,"были более левые, склонные к социализму, а другие оставались буржуазно  ←…→",576
ANALYTICAL,2013,no,3,yes,конкретный,"Я тоже всегда стараюсь говорить то, что думаю, чтобы", разговор ,был более конкретным и более эффективным всегда.   ←…→,577
ANALYTICAL,2012,no,3,no,нормальный,Вета жалела мать. С Юриком, она ,"была более нормальной. Вета хотела помочь, но не знала как  ←…→",578
ANALYTICAL,1994,czem,3,no,зеленый,У них, форма ,"была более зеленая, чем наша, наша желтоватая.   ←…→",579
ANALYTICAL,2002,no,3,no,открытый,"― Мы хотели, чтобы наши", партнеры ,были более открытыми для технического сотрудничества.   ←…→,580
ANALYTICAL,2000,no,3,yes,открытый,"Жаль потому, что тогда", люди ,"были более открытыми, более отзывчивыми, они жили сердцем.   ←…→",581
ANALYTICAL,1978,no,3,no,глубокий,"), или иная какая-нибудь", причина ,"была более глубокая, а то так и все эти причины  ←…→",582
ANALYTICAL,1959,no,3,yes,глубокий,"всякому, кто участвовал в парадах, чувство счастливой взвинченности, сейчас это", чувство ,было более глубоким и сильным.   ←…→,583
ANALYTICAL,1929,no,3,yes,глубокий,Тут, причины ,были более глубокие и несравненно более важные.   ←…→,584
ANALYTICAL,1871,czem,3,no,глубокий,"По-видимому, причина его бледности и", задумчивости ,"была более глубокой, чем страх перед дурным баллом.   ←…→",585
ANALYTICAL,1927,no,2,no,боевой,"Адамович, Вишняк, Гиппиус, Злобин, Мережковский, Оцуп, Терапиано. Второе", собрание ,было более боевым. Докладчиком выступила З.Н. Гиппиус.   ←…→,586
ANALYTICAL,1929,czem,2,no,темный,Но глаза этой, девушки ,"были более темными, чем у Сони, и замедленными, точно имели  ←…→",588
ANALYTICAL,2006,no,3,no,свободный,"общим установлениям, несмотря на все ограничения, в науке все-", гаки ,была более свободная интеллектуальная и идеологическая обстановка.   ←…→,589
ANALYTICAL,2008,no,2,yes,личный,"Правда,", приписка ,была более личной и тёплой: «P.S. I took your  ←…→,590
ANALYTICAL,1922,no,3,no,реальный,"Нет,", причины ,были более реальные: энергичная борьба Керенского за сохранение власти и  ←…→,591
ANALYTICAL,2006,no,2,no,сложный,"6.2), увеличилось выбытие производственных мощностей. Новые", месторождения ,были более сложными. Их освоение требовало значительно больших затрат в  ←…→,592
ANALYTICAL,1934,no,2,no,сложный,Со стороны публики более квалифицированной и, вопросы ,"были более сложные, например, по поводу мирового экономическаго кризиса.   ←…→",593
ANALYTICAL,2004,no,2,no,низкий,"наблюдали 2-й пик повышения активности системы комплемента, но при этом", значения ,были более низкими ― примерно 60 ЕД.   ←…→,594
ANALYTICAL,1982,no,5,no,определенный,― Кто его знает… Мама из, Аризоны ,"была более определенной: ― Сейчас столько мошенников, что я ничему не  ←…→",595
ANALYTICAL,1999,no,2,yes,длинный,"началось обособление Чернигово-Северских земель; правда, их путь к", самостоятельности ,был более длинным и тернистым.   ←…→,596
ANALYTICAL,1920,no,2,yes,длинный,"а также и на обратном пути, первая часть полета, до", посадки ,"была более длинной, но значительно более легкой.   ←…→",597
ANALYTICAL,1991,no,4,no,интересный,"Второе направление, на наш", взгляд ,", было более интересным.   ←…→",598
ANALYTICAL,1950,no,4,no,интересный,"По-видимому, это могло означать, что его обратное", плавание ,было более интересным: на борту парохода «Оле Свенсен» под присмотром  ←…→,599
ANALYTICAL,2007,no,3,no,серьезный,"[Волкова, жен] В школе же у моего младшего брата", обстановка ,была более серьезной: на входе стоял специально обученный фейсконтролю охранник  ←…→,600
ANALYTICAL,1982,no,3,no,серьезный,"Но когда мы с ним шли после вечеров, наши", разговоры ,"были более серьезными, они касались воспоминаний, текущей жизни и характеристик  ←…→",601
ANALYTICAL,1920,no,3,no,серьезный,"потому, что обед был отменный, ― это было обычное явление, ― нет,", причина ,была более серьезная.   ←…→,602
ANALYTICAL,1920,no,3,no,серьезный,В данном же случае, требование ,было более серьезным.   ←…→,603
ANALYTICAL,2012,czem,3,no,короткий,возрасте от 16 до 30 месяцев болели меньше и их, болезни ,"были более короткими по продолжительности, чем у их не грудных  ←…→",604
ANALYTICAL,1878,no,3,yes,короткий,"стенки их были значительно тоньше, чем у последних, у которых", клеточки ,были более короткие и толстостенные.   ←…→,605
ANALYTICAL,2010,no,3,no,красивый,"было бы легче подниматься вверх по карьерной лестнице, если бы", они ,были более красивыми.   ←…→,606
ANALYTICAL,1979,no,3,no,красивый,"Она была длиннее, но привлекала людей тем,", что ,была более красивой и после векового запрета теперь была открыта  ←…→,607
ANALYTICAL,2010,no,3,no,широкий,"ясно, что «коммерческая торговля не решает вопроса, даже если бы", она ,"была более широкая, так как в коммерческий магазин идёт не  ←…→",608
ANALYTICAL,2003,no,3,yes,широкий,"была широко распространена в бассейнах Днепра, Волги, Урала и ее", ареал ,был более широким и сплошным.   ←…→,609
ANALYTICAL,1943,czem,3,no,широкий,У Ролея и его друзей, интересы ,"были более широкие, чем в кружке Саутгемптона.   ←…→",610
ANALYTICAL,2006,no,3,no,дорогой,"[Ведущий-2, nick] И как вы определили, что", пересылка ,была «более дорогой»?   ←…→,611
ANALYTICAL,1944,no,2,yes,лёгкий,Эти условия, существования ,"были более легкими, более благоприятными, и вот по всей земле  ←…→",612
ANALYTICAL,1988,no,2,no,лёгкий,"Древесину предварительно пропаривают или проваривают, чтобы", резание ,было более лёгким.   ←…→,614
ANALYTICAL,1990,no,2,no,крупный,А если бы, предмет ,был более крупным?..   ←…→,615
ANALYTICAL,1990,no,2,no,скорый,Для «правых» этот, процесс ,был более скорым.   ←…→,616
ANALYTICAL,1988,no,2,yes,скорый,"― Не знаю, но мне хочется, чтобы", изменения ,были более скорыми и более радикальными.   ←…→,617
ANALYTICAL,2004,no,2,yes,сильный,"в 90-е, может быть объяснено тем, что Б. Н.", Ельцин ,"был более сильным и добрым, отчего и упирался дольше.   ←…→",618
ANALYTICAL,1982,czem,2,no,сильный,NA, Впечатление ,"было более сильным, чем ожидал Потокин.   ←…→",619
ANALYTICAL,1970,czem,2,no,сильный,"был один и тот же, разница была в том, что", содрогания ,"были более сильные при одних металлах, чем при других.   ←…→",620
ANALYTICAL,1936,no,2,no,сильный,"Хорошо было бы, если бы высшие", категории ,были более сильными.   ←…→,621
ANALYTICAL,2003,no,2,no,простой,"Правда, тогда форма ее", заполнения ,"была более простой, поскольку существовало прогрессивное налогообложение: чем больше зарплата  ←…→",622
ANALYTICAL,2002,czem,2,no,важный,Для нас, это ,"было более важным, чем финансовое состояние «Газпрома», потому что доля  ←…→",623
ANALYTICAL,2000,no,2,yes,важный,NA, Все ,"было более важным, более срочным, более нужным!   ←…→",624
ANALYTICAL,1877,czem,3,no,военный,Тип, декабристов ,"был более военный, чем у петрашевцев, но военных было довольно  ←…→",625
ANALYTICAL,2000,no,2,yes,живой,"не всегда могли отдохнуть, но все равно тогда жизнь театральной", Москвы ,"была более живой, более открытой.   ←…→",626
ANALYTICAL,1953,czem,2,yes,живой,У обоих наших новых друзей революционные, традиции ,"были более живыми и более органическими, чем у Авксентьева и  ←…→",627
ANALYTICAL,1982,no,2,no,черный,"Небольшое количество графита в стержнях оставили, но, чтобы", линии ,"были более черными, добавили в смесь для стержней сажу.   ←…→",628
ANALYTICAL,1998,czem,4,no,настоящий,Их, жизнь ,"была более настоящая, чем твоя.   ←…→",629
ANALYTICAL,2002,no,2,no,полный,Для того чтобы, картина ,"была более полной, мы решили побывать в разных районах страны  ←…→",630
ANALYTICAL,1966,no,2,no,полный,1), даты ,"были более полными, с числом и месяцем, когда это можно  ←…→",631
ANALYTICAL,2004,no,3,no,высокий,2 тест-систем с использованием американского и европейского рекомбинантных белков коэффициент, корреляции ,"был более высоким и составлял 0,92 (рис.   ←…→",632
ANALYTICAL,1965,no,3,no,высокий,― А все-таки первая твоя, цель ,была более высокая.   ←…→,634
ANALYTICAL,1946,czem,3,yes,высокий,Парус на мачте в центре, судна ,"был более высоким и узким, чем на эллинских кораблях.   ←…→",635
ANALYTICAL,2002,no,5,no,амбициозный,Тогда после выборов, правительство ,было более амбициозным.   ←…→,636
ANALYTICAL,1898,no,5,yes,благоразумный,Если бы, они ,"были более благоразумными, более сдержанными, менее страстными или более ловкими  ←…→",637
ANALYTICAL,2000,no,2,yes,борзый,NA, Кто ,"был более борзой, того успокоили дополнительными ударами.   ←…→",638
ANALYTICAL,1996,no,4,no,вдохновенный,"управлением прославленного Караяна, то я отметила для себя, что наше", исполнение ,было более вдохновенным.   ←…→,640
ANALYTICAL,2010,no,3,no,весомый,"Правда, у меня", причина ,была более весомая ― полное отвращение к жизни.   ←…→,641
ANALYTICAL,2003,no,3,no,весомый,Чтобы, клятва ,"была более весомая, боги клялись над водами реки Стикс.   ←…→",642
ANALYTICAL,1971,no,3,no,весомый,"ведь у нас есть все условия для того, чтобы это", пополнение ,было более весомым.   ←…→,643
ANALYTICAL,1915,no,3,no,враждебный,"к евреям, как и вообще это наблюдается в украинских частях,", отношение ,было более враждебное.   ←…→,644
ANALYTICAL,2002,no,5,no,выразительный,Так я получил первый урок всесилия католицизма в Польше. Второй, урок ,"был более выразительным. Глубокой осенью, в дождливый день, когда сплошной  ←…→",645
ANALYTICAL,2003,no,4,no,гармоничный,"других исторических причин, взаимоотношения церковной и государственной власти в русской", древности ,были более гармоничными» [19].   ←…→,646
ANALYTICAL,2000,no,4,no,гармоничный,"других исторических причин, взаимоотношения церковной и государственной власти в русской", древности ,были более гармоничными.   ←…→,647
ANALYTICAL,1961,czem,2,no,грузный,В.М., Бехтерев ,"был более грузным, чем И.П. Павлов, но столь же  ←…→",648
ANALYTICAL,1991,no,4,no,деликатный,Последний вопрос нашей, беседы ,был более деликатный.   ←…→,649
ANALYTICAL,1955,no,4,yes,деликатный,"и популярным элементом балаганного гулянья, как и дед, но его", приемы ,"были более деликатные, вкрадчивые.   ←…→",650
ANALYTICAL,1955,no,4,yes,услужливый,"то, что удобно ей, но не очень удобно людям. Прежде", техника ,"была более услужливой. Техника стала более массовой, но в чем-то  ←…→",651
ANALYTICAL,1828,no,2,no,дельный,NA, Разговоры ,"были более дельные, но вечер прошел, по крайней мере для  ←…→",652
ANALYTICAL,1997,no,5,yes,демократичный, Оно ,"было более демократичным, понятным простым людям, потому все его и  ←…→",NA,653
ANALYTICAL,2003,no,4,no,динамичный,"возможно, в иные фазы общественной истории хотелось бы, чтобы система", образования ,"была более динамичной; а наверное, при определенных условиях, она и  ←…→",654
ANALYTICAL,2008,no,2,no,ёмкий,Рынок консервов в то, время ,был более ёмким и казался перспективным.   ←…→,655
ANALYTICAL,1970,no,3,no,живучий,"Вторая линия, проложенная через", год ,", была более живучей».   ←…→",656
ANALYTICAL,2002,czem,5,no,жизнерадостный,"Даже у побитой хозяином собаки, должно быть,", вид ,"был более жизнерадостным, чем у меня.   ←…→",657
ANALYTICAL,1950,no,4,no,зависимый,"мужиков-земледельцев постепенно вырабатывалась особая психология повиновения, терпения, примиренчества;", они ,были более зависимыми от начальства: не только от помещика и  ←…→,658
ANALYTICAL,1921,no,4,no,задушевный,На этот раз, разговор ,был более задушевный.   ←…→,659
ANALYTICAL,2012,no,4,no,запущенный,В советские времена, больные ,"были более запущенные: их не умели лечить, не было и  ←…→",660
ANALYTICAL,1941,czem,6,no,изобретательный,"товарищ и что у него была развита сила воли, а", Андрий ,"«был более изобретательный, чем Остап, избегал наказаний» и т. д  ←…→",661
ANALYTICAL,2003,no,7,no,конкурентноспособный,"Мы должны создать им условия, чтобы", они ,был более конкурентоспособным.   ←…→,662
ANALYTICAL,2001,no,7,no,конкурентноспособный,"развернуть более масштабное сотрудничество с ВПК, если бы продукция этой", отрасли ,была более конкурентоспособной.   ←…→,663
ANALYTICAL,1996,no,3,no,критичный,"к большевистскому Октябрьскому перевороту, к антидемократической политике и практике правительства", Ленина ,"было более критичным, скорее отрицательным.   ←…→",664
ANALYTICAL,2010,no,3,no,кустарный,"лук, хай-тек пистолеты с камерами (ранее у Блейда", арсенал ,"был более кустарный, потому и более реалистичный), лазерное хз-  ←…→",665
ANALYTICAL,1955,no,2,yes,ловкий,Некоторые, дети ,"были более ловкие и внимательные, они сразу понимали, что именно  ←…→",666
ANALYTICAL,1927,czem,3,no,логичный,"находить иррациональным первое из этих верований, но следует допустить, что", оно ,"было более логичным, чем последнее».   ←…→",667
ANALYTICAL,1945,czem,6,no,демократический,"того, чтобы были признаны действительными законы, принятые на севере, где", законодательство ,"было более демократическим, чем в южных районах.   ←…→",668
ANALYTICAL,1929,no,5,no,любознательный,"со страхом, который принято называть суеверным, но который, если бы", мы ,"были более любознательными, следовало бы совсем иначе квалифицировать.   ←…→",669
ANALYTICAL,2012,no,3,no,масштабный,"шестидесятые годы, ставились в том числе и перед Академией наук,", они ,были более масштабными и в этом смысле соответствовали интеллектуальному потенциалу  ←…→,670
ANALYTICAL,2004,no,3,no,матовый,"Мне хотелось бы, чтобы", они ,были более матовыми.   ←…→,671
ANALYTICAL,1995,no,4,no,многолюдный,"парад брали не только действительно физкультурников, а любую молодежь ― чтобы", парад ,был более многолюдным и можно было отчитаться в массовости физкультурной  ←…→,672
ANALYTICAL,1915,no,4,no,многолюдный,NA, Завтрак ,"был более многолюдный, как всегда по воскресеньям.   ←…→",673
ANALYTICAL,1985,czem,2,no,наглый,"Мне тогда было лет девятнадцать, и потому", я ,"был более наглый, чем теперь; и когда он кончил, я  ←…→",674
ANALYTICAL,2007,no,3,no,наглядный,"Прежнее название, принятое в России, ― «розовые", угри ,» ― было более наглядным.   ←…→,675
ANALYTICAL,2000,no,4,no,насыщенный,Но все же это, время ,было более насыщенным.   ←…→,676
ANALYTICAL,2012,no,3,no,нейтральный,"воспитывали быть «нетерпимыми» к разного рода отрицательным явлениям), а слово «", толерантность ,» было более нейтральным.   ←…→,677
ANALYTICAL,1886,no,5,yes,непримиримый,"Казалось бы, нет человека, чьи реакционные", убеждения ,"были более непримиримыми, более закоренелыми.   ←…→",678
ANALYTICAL,1947,czem,4,no,нетерпимый,Польские, дамы ,"были более нетерпимыми, чем их мужья, и эту нетерпимость могло  ←…→",679
ANALYTICAL,1951,no,4,no,неуклюжий,Но здесь, они ,"были более неуклюжие, с меньшим числом карнизов, башенок, промоин.   ←…→",680
ANALYTICAL,1876,no,4,no,номинальный,"(Хотя тут же оказывается, что", подчинение ,было более номинальное.   ←…→,681
ANALYTICAL,1849,no,3,no,обвислый,В натуре у него, лицо ,"было более обвислое, и губы толще.   ←…→",682
ANALYTICAL,1971,no,4,no,одиозный,"Кажется, нет, потому что его", кандидатура ,была более одиозной.   ←…→,683
ANALYTICAL,1997,no,4,no,однородный,В глубине острова, население ,было более однородным.   ←…→,684
ANALYTICAL,1958,czem,6,no,одухотворённый,NA, Она ,"была более одухотворённой, чем человеческий голос.   ←…→",685
ANALYTICAL,1996,no,5,no,оптимистичный,"Выступление гендиректора департамента маркетинга, торговли и техобслуживания АО «АвтоВАЗ» Александра", Зибарева ,было более оптимистичным.   ←…→,686
ANALYTICAL,2009,no,4,no,осмысленный,"[\ Nalla, nick] В книге ее", образ ,был более осмысленным.   ←…→,687
ANALYTICAL,1979,czem,5,no,основательный,Образование, Есенина ,"было более основательным, чем образование Маяковского.   ←…→",688
ANALYTICAL,1975,no,5,no,основательный,"огромная гладкая равнина, которую и назвали Лысиной Юраса. Второе обследование", планеты ,было более основательным. Двое сотрудников Института 9-й зоны ― супруги  ←…→,689
ANALYTICAL,1934,no,5,no,основательный,"Облили всю машину бензином и, для того чтобы", разрушение ,"было более основательным, положили в мотор две ручные гранаты.   ←…→",690
ANALYTICAL,1970,czem,4,no,отчетливый,"он в Сибири принимал передачи радиостанций Франции и Германии, причем", слышимость ,"была более отчетливой, чем у владельцев одноламповых приемников.   ←…→",692
ANALYTICAL,2004,no,4,no,ощутимый,"Хотелось бы, чтобы финансовое участие Министерства культуры", России ,"было более ощутимым, но надеяться мы все же привыкли прежде  ←…→",693
ANALYTICAL,2001,czem,3,no,пижонский,NA, Она ,"была более пижонская, чем Шуркина, ― бочонком, об одной из кожзаменителя  ←…→",694
ANALYTICAL,2014,no,2,no,плавный,"Во-первых, тогда", падение ,было более плавным и не особо заметным на фоне огромнейшего  ←…→,695
ANALYTICAL,2004,no,3,no,пластичный,Для того чтобы, материал ,"был более пластичным, позволяющим создавать любые формы, в потаж добавляют  ←…→",696
ANALYTICAL,1934,czem,4,no,подавленный,"Мне казалось, что первые два дня", он ,"был более подавленным, чем тогда, когда узнал, что расстреляна вся  ←…→",697
ANALYTICAL,1974,no,5,no,предпочтительный,Первый, тип ,"был более предпочтительным для казенных дорог того времени, поскольку не  ←…→",698
ANALYTICAL,2003,no,5,no,продолжительный,Этот, побег ,"был более продолжительным, поскольку задержали меня в Россоши на вокзале  ←…→",700
ANALYTICAL,2002,czem,5,no,продолжительный,у пациентов с ОГС на фоне хронической НВV-инфекции, он ,"был более продолжительным, чем в контрольной группе, и составил 53  ←…→",701
ANALYTICAL,2002,no,5,no,продолжительный,"препарата и составил около 65%, но при этом среднее время", жизни ,"было более продолжительным в группе животных, получавших амиксин в наиболее  ←…→",702
ANALYTICAL,1935,no,4,no,пронзительный,"то многие демонстративно вынимали ключи и свистели в них, чтобы", свист ,был более пронзительный.   ←…→,703
ANALYTICAL,1924,no,4,no,просвещенный,Если бы бывш. императрица Александра, Федоровна ,"была более просвещенной в истории русского мистического сектантства, она, конечно  ←…→",704
ANALYTICAL,1968,no,4,no,равномерный,"слой наносят, главным образом для гарантии качества, для того, чтобы", пленка ,была более равномерной.   ←…→,705
ANALYTICAL,2010,no,4,no,разборчивый,"Кроме того,", они ,были более разборчивыми и дольше выбирали потенциального партнера.   ←…→,706
ANALYTICAL,1989,no,4,no,размеренный,А дом на Моховой ― образ, жизни ,"был более размеренным, мы, дети, заранее знали, что в воскресенье  ←…→",707
ANALYTICAL,1994,no,4,no,разреженный,"Пространство, в котором находились", взрослые ,", было более разреженным ― они смотрели поверх наших голов.   ←…→",708
ANALYTICAL,2003,no,5,no,расточительный,у Виты была манера покупать растения по одному экземпляру (сэр, Хэрольд ,"был более расточительным ― покупал по три или четыре), и она  ←…→",709
ANALYTICAL,2002,no,5,no,результативный,"сохранить традиции и историческую память о своих частях, то эта", деятельность ,была более результативной.   ←…→,710
ANALYTICAL,1989,no,5,no,результативный,В некоторых других случаях его, усилия ,были более результативными.   ←…→,711
ANALYTICAL,1894,no,2,no,робкий,"я и прежде замечала на себе, ― думала она, ― только тогда", он ,"был более робкий, не такой открытый, как же это я  ←…→",712
ANALYTICAL,1966,no,2,no,рослый,"заметил, что с одной стороны приусадебного участка у каждого дома", кукуруза ,"была более рослая, с более мясистыми листьями, с цветными косичками  ←…→",713
ANALYTICAL,2004,no,3,no,сдержанный,Предыдущий их, прогноз ,был более сдержанным (они рассчитывали лишь на пятипроцентный рост).   ←…→,714
ANALYTICAL,1940,no,2,no,скудный,Вблизи колодцев, растительность ,была более скудная и часто попадались голые песчаные барханы ― как  ←…→,715
ANALYTICAL,2004,no,2,no,сочный,"шейка, содержащая «Butter Buds 32Х», обладала вкусоароматическим оттенком сливочного масла,", продукт ,был более сочным по сравнению с контрольным образцом.   ←…→,716
ANALYTICAL,2004,no,2,no,сочный,"котлет превосходили контрольные по органолептическим показателям, имели вкусоароматический оттенок сливочного", масла ,", были более сочными.   ←…→",717
ANALYTICAL,2000,no,2,no,сочный,На самом деле, выражение ,было более сочное.   ←…→,718
ANALYTICAL,1999,no,2,no,стойкий,Чтобы, маринад ,"был более стойким при хранении, положить на дно банки в  ←…→",719
ANALYTICAL,2004,no,5,no,технологичный,Так что по сравнению с местными спецуправлениями «, Центроспецстрой ,» был более технологичным предприятием.   ←…→,720
ANALYTICAL,1996,czem,3,no,трагичный,"его обстоятельствах ― да, он так же отреагировал, и конечно, его", обстоятельства ,"были более трагичные, чем мои.   ←…→",721
ANALYTICAL,1956,no,4,no,трогательный,А чтобы, писание ,"было более трогательным, я пишу его в рифму.   ←…→",722
ANALYTICAL,1928,no,3,yes,тщательный,"не дали всего того, что могли бы дать, если бы", подготовка ,"была более тщательной, более продуманной.   ←…→",723
ANALYTICAL,2014,no,4,no,умеренный,"Они обладали удивительным чутьем, особенно на новые направления:", Морозов ,"был более умеренным, более осторожным, а Щукин ― самым радикальным покупателем ",724
ANALYTICAL,2004,no,4,no,усидчивый,NA, Самки ,"были более усидчивые, перебирали целые дни растительность, собирали съедобные коренья  ←…→",725
ANALYTICAL,1997,no,5,no,утешительный,"Впрочем,", выводы ,были более утешительными: «Если в дальнейшем этот участок не будет  ←…→,726
ANALYTICAL,1904,no,5,no,утомительный,"же: подсчет товаров, приемка, выдача квитков, отчет в конторе, ― но", она ,была более утомительной.   ←…→,727
ANALYTICAL,1910,no,4,no,утонченный,"Террор продолжал существовать, только этот", террор ,был более утонченный.   ←…→,728
ANALYTICAL,1990,no,3,yes,хилый,"Он рос таким же, как и все дети, разве", что ,был более хилым и болезненным.   ←…→,729
ANALYTICAL,1938,no,3,no,чуткий,"Но Эпиктета, может быть потому что", он ,"был более чутким, а может быть потому что он был  ←…→",730
ANALYTICAL,1929,no,6,no,эгоистический,Его, задача ,была более эгоистическая: собрать как можно больше денег.   ←…→,731
ANALYTICAL,2006,no,4,no,эластичный,Чтобы, состав ,"был более эластичным, можно добавить садовый вар (на 1 кг  ←…→",732
ANALYTICAL,1954,no,3,no,эффектный,"и долго молчал, пока мы не стали его расспрашивать. Другое", посещение ,было более эффектным. Пришел эвен средних лет в ярко-желтом кафтане  ←…→,733
ANALYTICAL,1999,czem,3,no,явственный,Тем более что во времена Донателло эта, связь ,"была более явственной, чем сейчас, ― это был кенотаф посреди кладбища  ←…→",734
