s_id,s_sex,s_year_birth,stimulus_id,stimulus_rus,stimulus_transl,target_rus,target_eng,resp_zilo,resp_zilo_latin,tense_expected,resp_tense,stem_type,tense_match,number_match,prog_type,count,agreement
1,m,1972,5,Девочки засмеялись над шуткой.,The girls laughed about the joke,смеяться,laugh,йелълъи,jeɬːi,AOR,AOR,oral,yes,,,0,
1,m,1972,11,Фокусник махнул рукой и стулья исчезли.,The illusionist weaved his hand and the chairs disappeared,исчезнуть,disappear,бит1у,bit'u,AOR,AOR,oral,yes,no,,0,
1,m,1972,18,Наши ребята выиграли.,Our guys won,выиграть,win,вашай,waʃaj,AOR,PF,oral,no,,,0,
1,m,1972,20,"Фокусник махнул рукой, и все телевизоры сломались. ",The magician waved his hand and all TVs got broken,сломаться,break,бич1он,bitʃ'on,AOR,AOR,nasal,yes,no,,0,
1,m,1972,12,Мальчики будут надо мной смеяться,Boys will laugh at me,смеяться,laugh,велълъия,weɬːija,FUT,FUT,oral,yes,,,0,
1,m,1972,22,"Нитки, которые ты купил, скоро порвутся",The threads you bought will get torn soon,порваться,tear,,,FUT,,,no,,,0,
1,m,1972,24,Эти телефоны через год сломаются,These phones will break in a year,сломаться,break,роч1ия,rotʃ'ija,FUT,FUT,oral,yes,,,0,
1,m,1972,23,"Что бы мы ни делали, они над нами смеются.","Whatever we do, they laugh at us",смеяться,laugh,велълъирадол,weɬːiradol,PROG,PROG,oral,yes,,rado,0,
1,m,1972,28,Телевизоры быстро ломаются один за другим.,Tv sets get broken one after another,сломаться,break,"бокъимадо, боч1орадо","boq'imado, botʃ'orado",PROG,PROG,oral,yes,,rado,0,
1,m,1972,30,Наши сейчас выигрывают.,Our guys are winning now,выиграть,win,вашиял; вагъинния,waʃijal; waʁinnija,PROG,FUT,oral,no,,,0,
1,m,1972,1,Родители полетели в Москву,The parents flew to Moscow,лететь,fly,бури,buri,AOR,AOR,oral,yes,,,1,0
1,m,1972,3,Мальчики бежали два часа,The boys ran for two hours,бежать,run,гьелли,helli,AOR,AOR,oral,yes,,,1,0
1,m,1972,9,Гнилые нитки порвались.,The rotten threads got torn,порваться,tear,танни,tanni,AOR,AOR,oral,yes,,,1,0
1,m,1972,14,"Фокусник махнул рукой, и гвозди погнулись.",The magician waved his hand and the nails bent,гнуться,bend,бот1у,bot'u,AOR,AOR,oral,yes,,,1,0
1,m,1972,16,Шахматные фигуры упали со стола. ,The chess figures fell down from the table,упасть,fall,букку,bukːu,AOR,AOR,oral,yes,,,1,0
1,m,1972,26,Мужчины помолились.,The men prayed,молиться,pray,куболийди,kubolijdi,AOR,AOR,oral,yes,,,1,0
1,m,1972,2,"Не качай стол, шахматы упадут.","Don't move the table, the chess figures will fall down ",упасть,fall,буккуя,bukːuja,FUT,FUT,oral,yes,,,1,0
1,m,1972,6,эти мальчики точно выиграют. ,These boys will surely win,выиграть,win,вашиял,waʃijal,FUT,FUT,oral,yes,,,1,1
1,m,1972,8,старики будут молиться.,,молиться,pray,куболийдия,kubolijdija,FUT,FUT,oral,yes,,,1,0
1,m,1972,10,Осенью школьники полетят в Москву.,In autumn the pupils will fly to Moscow,лететь,fly,бурия,burija,FUT,FUT,oral,yes,,,1,0
1,m,1972,19,Сейчас фокусник махнёт рукой и книги исчезнут.,The magician will wave his hand and the books will disappear,исчезнуть,disappear,рот1уя,rot'uja,FUT,FUT,oral,yes,,,1,0
1,m,1972,27,На соревновании все побегут с этого места,All participants of the competition will start running from here,бежать,run,гьеллиял,hellijal,FUT,FUT,oral,yes,,,1,1
1,m,1972,29,Сейчас фокусник махнёт рукой и вилки погнутся,The magician will wave his hand and the forks will bend,гнуться,bend,"бокъинния, боч1иял","boq'innija, botʃ'ijal",FUT,FUT,oral,yes,,,1,1
1,m,1972,4,У меня сегодня весь день нитки рвутся,My threads get torn the whole day,порваться,tear,таннирадо(л),tannirado(l),PROG,PROG,oral,yes,,rado,1,0
1,m,1972,7,их дети сейчас летят в Москву,Their children are now flying to Moscow,лететь,fly,бурирадо,burirado,PROG,PROG,oral,yes,,rado,1,0
1,m,1972,13,"Смотри, чашки исчезают!","Look, the teacups are disappearing",исчезнуть,disappear,бот1урадо,bot'urado,PROG,PROG,oral,yes,,rado,1,0
1,m,1972,15,Эти девочки очень быстро бегут.,These girls are running very fast,бежать,run,гьеллирадо,hellirado,PROG,PROG,oral,yes,,rado,1,0
1,m,1972,17,"Не мешай, эти женщины молятся!","Don't disturb them, these women are praying",молиться,pray,куболийдирадо,kubolijdirado,PROG,PROG,oral,yes,,rado,1,0
1,m,1972,21,От его взгляда вилки сгибаются.,Forks bend under his gaze,гнуться,bend,"бокъимадо, т1ебирадо","boq'imado, t'ebirado",PROG,PROG,oral,yes,,rado,1,0
1,m,1972,25,"Гляди, шахматы падают. ","Look, the chess are falling",упасть,fall,бук1урадо,buk'urado,PROG,PROG,oral,yes,,rado,1,0
2,f,2005,3,Мальчики бежали два часа,The boys ran for two hours,бежать,run,гьеллир вок1ой,hellir wok'oj,AOR,PROG_PQP,oral,no,,,0,
2,f,2005,5,Девочки засмеялись над шуткой.,The girls laughed about the joke,смеяться,laugh,йелълъи,jeɬːi,AOR,AOR,oral,yes,,,0,
2,f,2005,9,Гнилые нитки порвались.,The rotten threads got torn,порваться,tear,танний,tannij,AOR,PF,oral,no,,,0,
2,f,2005,16,Шахматные фигуры упали со стола. ,The chess figures fell down from the table,упасть,fall,буккуй,bukːuj,AOR,PF,oral,no,,,0,
2,f,2005,18,Наши ребята выиграли.,Our guys won,выиграть,win,вашай,waʃaj,AOR,PF,oral,no,,,0,
2,f,2005,20,"Фокусник махнул рукой, и все телевизоры сломались. ",The magician waved his hand and all TVs got broken,сломаться,break,боч1ой,botʃ'oj,AOR,PF,oral,no,,,0,
2,f,2005,26,Мужчины помолились.,The men prayed,молиться,pray,куболидир джиди,kubolidir dʒidi,AOR,?,oral,no,,,0,
2,f,2005,12,Мальчики будут надо мной смеяться,Boys will laugh at me,смеяться,laugh,велълъия,weɬːija,FUT,FUT,oral,yes,,,0,
2,f,2005,24,Эти телефоны через год сломаются,These phones will break in a year,сломаться,break,роч1ия,rotʃ'ija,FUT,FUT,oral,yes,,,0,
2,f,2005,23,"Что бы мы ни делали, они над нами смеются.","Whatever we do, they laugh at us",смеяться,laugh,велълъирадо,weɬːirado,PROG,PROG,oral,yes,,rado,0,
2,f,2005,28,Телевизоры быстро ломаются один за другим.,Tv sets get broken one after another,сломаться,break,боч1орадо,botʃ'orado,PROG,PROG,oral,yes,,rado,0,
2,f,2005,30,Наши сейчас выигрывают.,Our guys are winning now,выиграть,win,"вашия, вашиял","waʃija, waʃijal",PROG,FUT,oral,no,,,0,
2,f,2005,1,Родители полетели в Москву,The parents flew to Moscow,лететь,fly,бури,buri,AOR,AOR,oral,yes,,,1,0
2,f,2005,11,Фокусник махнул рукой и стулья исчезли.,The illusionist weaved his hand and the chairs disappeared,исчезнуть,disappear,бот1у,bot'u,AOR,AOR,oral,yes,,,1,0
2,f,2005,14,"Фокусник махнул рукой, и гвозди погнулись.",The magician waved his hand and the nails bent,гнуться,bend,боч1о,botʃ'o,AOR,AOR,oral,yes,,,1,0
2,f,2005,2,"Не качай стол, шахматы упадут.","Don't move the table, the chess figures will fall down ",упасть,fall,буккуя,bukːuja,FUT,FUT,oral,yes,,,1,0
2,f,2005,6,эти мальчики точно выиграют. ,These boys will surely win,выиграть,win,вашия,waʃija,FUT,FUT,oral,yes,,,1,0
2,f,2005,8,старики будут молиться.,,молиться,pray,куболидия,kubolidija,FUT,FUT,oral,yes,,,1,0
2,f,2005,10,Осенью школьники полетят в Москву.,In autumn the pupils will fly to Moscow,лететь,fly,бурия,burija,FUT,FUT,oral,yes,,,1,0
2,f,2005,19,Сейчас фокусник махнёт рукой и книги исчезнут.,The magician will wave his hand and the books will disappear,исчезнуть,disappear,рот1уя,rot'uja,FUT,FUT,oral,yes,,,1,0
2,f,2005,22,"Нитки, которые ты купил, скоро порвутся",The threads you bought will get torn soon,порваться,tear,танния,tannija,FUT,FUT,oral,yes,,,1,0
2,f,2005,27,На соревновании все побегут с этого места,All participants of the competition will start running from here,бежать,run,гьеллия,hellija,FUT,FUT,oral,yes,,,1,0
2,f,2005,29,Сейчас фокусник махнёт рукой и вилки погнутся,The magician will wave his hand and the forks will bend,гнуться,bend,т1ебия,t'ebija,FUT,FUT,oral,yes,,,1,0
2,f,2005,4,У меня сегодня весь день нитки рвутся,My threads get torn the whole day,порваться,tear,таннирадо,tannirado,PROG,PROG,oral,yes,,rado,1,0
2,f,2005,7,их дети сейчас летят в Москву,Their children are now flying to Moscow,лететь,fly,бурирадо,burirado,PROG,PROG,oral,yes,,rado,1,0
2,f,2005,13,"Смотри, чашки исчезают!","Look, the teacups are disappearing",исчезнуть,disappear,бот1ур,bot'ur,PROG,PROG,oral,yes,,r,1,0
2,f,2005,15,Эти девочки очень быстро бегут.,These girls are running very fast,бежать,run,гьеллирадо,hellirado,PROG,PROG,oral,yes,,rado,1,0
2,f,2005,17,"Не мешай, эти женщины молятся!","Don't disturb them, these women are praying",молиться,pray,кубайлидирадо,kubajlidirado,PROG,PROG,oral,yes,,rado,1,0
2,f,2005,21,От его взгляда вилки сгибаются.,Forks bend under his gaze,гнуться,bend,т1ебирадо,t'ebirado,PROG,PROG,oral,yes,,rado,1,0
2,f,2005,25,"Гляди, шахматы падают. ","Look, the chess are falling",упасть,fall,бук1урадо,buk'urado,PROG,PROG,oral,yes,,rado,1,0
3,f,1983,5,Девочки засмеялись над шуткой.,The girls laughed about the joke,смеяться,laugh,йелълъи,jeɬːi,AOR,AOR,oral,yes,,,0,
3,f,1983,20,"Фокусник махнул рукой, и все телевизоры сломались. ",The magician waved his hand and all TVs got broken,сломаться,break,бокъин,boq'in,AOR,AOR,nasal,yes,,,0,
3,f,1983,12,Мальчики будут надо мной смеяться,Boys will laugh at me,смеяться,laugh,велълъия,weɬːija,FUT,FUT,oral,yes,,,0,
3,f,1983,24,Эти телефоны через год сломаются,These phones will break in a year,сломаться,break,рокъинниял,roq'innijal,FUT,FUT,nasal,yes,,,0,
3,f,1983,27,На соревновании все побегут с этого места,All participants of the competition will start running from here,бежать,run,?,?,FUT,?,,,,,0,
3,f,1983,23,"Что бы мы ни делали, они над нами смеются.","Whatever we do, they laugh at us",смеяться,laugh,велълъирил,weɬːiril,PROG,PROG,oral,yes,,r,0,
3,f,1983,28,Телевизоры быстро ломаются один за другим.,Tv sets get broken one after another,сломаться,break,бохъимадол,boqχimadol,PROG,PROG,nasal,yes,,mado,0,
3,f,1983,1,Родители полетели в Москву,The parents flew to Moscow,лететь,fly,бури,buri,AOR,AOR,oral,yes,,,1,0
3,f,1983,3,Мальчики бежали два часа,The boys ran for two hours,бежать,run,гьелли,helli,AOR,AOR,oral,yes,,,1,0
3,f,1983,9,Гнилые нитки порвались.,The rotten threads got torn,порваться,tear,танни,tanni,AOR,AOR,oral,yes,,,1,0
3,f,1983,11,Фокусник махнул рукой и стулья исчезли.,The illusionist weaved his hand and the chairs disappeared,исчезнуть,disappear,бот1у,bot'u,AOR,AOR,oral,yes,,,1,0
3,f,1983,14,"Фокусник махнул рукой, и гвозди погнулись.",The magician waved his hand and the nails bent,гнуться,bend,бот1у,bot'u,AOR,AOR,oral,yes,,,1,0
3,f,1983,16,Шахматные фигуры упали со стола. ,The chess figures fell down from the table,упасть,fall,букку,bukːu,AOR,AOR,oral,yes,,,1,0
3,f,1983,18,Наши ребята выиграли.,Our guys won,выиграть,win,ваша,waʃa,AOR,AOR,oral,yes,,,1,0
3,f,1983,26,Мужчины помолились.,The men prayed,молиться,pray,куболийди,kubolijdi,AOR,AOR,oral,yes,,,1,0
3,f,1983,2,"Не качай стол, шахматы упадут.","Don't move the table, the chess figures will fall down ",упасть,fall,буккуя,bukːuja,FUT,FUT,oral,yes,,,1,0
3,f,1983,6,эти мальчики точно выиграют. ,These boys will surely win,выиграть,win,вашиял,waʃijal,FUT,FUT,oral,yes,,,1,1
3,f,1983,8,старики будут молиться.,,молиться,pray,куболийдия,kubolijdija,FUT,FUT,oral,yes,,,1,0
3,f,1983,10,Осенью школьники полетят в Москву.,In autumn the pupils will fly to Moscow,лететь,fly,бурия,burija,FUT,FUT,oral,yes,,,1,0
3,f,1983,19,Сейчас фокусник махнёт рукой и книги исчезнут.,The magician will wave his hand and the books will disappear,исчезнуть,disappear,рот1уя,rot'uja,FUT,FUT,oral,yes,,,1,0
3,f,1983,22,"Нитки, которые ты купил, скоро порвутся",The threads you bought will get torn soon,порваться,tear,танниял,tannijal,FUT,FUT,oral,yes,,,1,1
3,f,1983,29,Сейчас фокусник махнёт рукой и вилки погнутся,The magician will wave his hand and the forks will bend,гнуться,bend,т1ебия,t'ebija,FUT,FUT,oral,yes,,,1,0
3,f,1983,4,У меня сегодня весь день нитки рвутся,My threads get torn the whole day,порваться,tear,таннирадо,tannirado,PROG,PROG,oral,yes,,rado,1,0
3,f,1983,7,их дети сейчас летят в Москву,Their children are now flying to Moscow,лететь,fly,буририл,buriril,PROG,PROG,oral,yes,,r,1,1
3,f,1983,13,"Смотри, чашки исчезают!","Look, the teacups are disappearing",исчезнуть,disappear,бот1ур,bot'ur,PROG,PROG,oral,yes,,r,1,0
3,f,1983,15,Эти девочки очень быстро бегут.,These girls are running very fast,бежать,run,гьеллирил,helliril,PROG,PROG,oral,yes,,r,1,1
3,f,1983,17,"Не мешай, эти женщины молятся!","Don't disturb them, these women are praying",молиться,pray,куболийдир,kubolijdir,PROG,PROG,oral,yes,,r,1,0
3,f,1983,21,От его взгляда вилки сгибаются.,Forks bend under his gaze,гнуться,bend,т1ебирадо,t'ebirado,PROG,PROG,oral,yes,,rado,1,0
3,f,1983,25,"Гляди, шахматы падают. ","Look, the chess are falling",упасть,fall,буккурил,bukːuril,PROG,PROG,oral,yes,,r,1,1
3,f,1983,30,Наши сейчас выигрывают.,Our guys are winning now,выиграть,win,вашарадо,waʃarado,PROG,PROG,oral,yes,,rado,1,0
4,m,1962,5,Девочки засмеялись над шуткой.,The girls laughed about the joke,смеяться,laugh,йелълъи,jeɬːi,AOR,AOR,oral,yes,,,0,
4,m,1962,16,Шахматные фигуры упали со стола. ,The chess figures fell down from the table,упасть,fall,бот1у,bot'u,AOR,AOR,oral,yes,,,0,0
4,m,1962,20,"Фокусник махнул рукой, и все телевизоры сломались. ",The magician waved his hand and all TVs got broken,сломаться,break,боч1о,botʃ'o,AOR,AOR,oral,yes,,,0,
4,m,1962,12,Мальчики будут надо мной смеяться,Boys will laugh at me,смеяться,laugh,велълъия,weɬːija,FUT,FUT,oral,yes,,,0,
4,m,1962,24,Эти телефоны через год сломаются,These phones will break in a year,сломаться,break,"рокъинния, роч1ия","roq'innija, rotʃ'ija",FUT,FUT,nasal,yes,,,0,
4,m,1962,29,Сейчас фокусник махнёт рукой и вилки погнутся,The magician will wave his hand and the forks will bend,гнуться,bend,"ч1илолилъир, бохъинния","tʃ'iloliɬir, boqχinnija",FUT,FUT,nasal,yes,,,0,
4,m,1962,7,их дети сейчас летят в Москву,Their children are now flying to Moscow,лететь,fly,бурил,buril,PROG,?,oral,no,,,0,
4,m,1962,17,"Не мешай, эти женщины молятся!","Don't disturb them, these women are praying",молиться,pray,кубайдир джидир,kubajdir dʒidir,PROG,PROG PROG,oral,no,,,0,
4,m,1962,23,"Что бы мы ни делали, они над нами смеются.","Whatever we do, they laugh at us",смеяться,laugh,велълъо,weɬːo,PROG,лълъо,oral,no,,,0,
4,m,1962,28,Телевизоры быстро ломаются один за другим.,Tv sets get broken one after another,сломаться,break,боч1ор,botʃ'or,PROG,PROG,oral,yes,,r,0,
4,m,1962,1,Родители полетели в Москву,The parents flew to Moscow,лететь,fly,бури,buri,AOR,AOR,oral,yes,,,1,0
4,m,1962,3,Мальчики бежали два часа,The boys ran for two hours,бежать,run,гьелли,helli,AOR,AOR,oral,yes,,,1,0
4,m,1962,9,Гнилые нитки порвались.,The rotten threads got torn,порваться,tear,танни,tanni,AOR,AOR,oral,yes,,,1,0
4,m,1962,11,Фокусник махнул рукой и стулья исчезли.,The illusionist weaved his hand and the chairs disappeared,исчезнуть,disappear,бот1у,bot'u,AOR,AOR,oral,yes,,,1,0
4,m,1962,14,"Фокусник махнул рукой, и гвозди погнулись.",The magician waved his hand and the nails bent,гнуться,bend,ч1илоллъи,tʃ'ilolɬi,AOR,AOR,oral,yes,,,1,0
4,m,1962,18,Наши ребята выиграли.,Our guys won,выиграть,win,ваша,waʃa,AOR,AOR,oral,yes,,,1,0
4,m,1962,26,Мужчины помолились.,The men prayed,молиться,pray,кубайди,kubajdi,AOR,AOR,oral,yes,,,1,0
4,m,1962,2,"Не качай стол, шахматы упадут.","Don't move the table, the chess figures will fall down ",упасть,fall,буккуя,bukːuja,FUT,FUT,oral,yes,,,1,0
4,m,1962,6,эти мальчики точно выиграют. ,These boys will surely win,выиграть,win,вашия,waʃija,FUT,FUT,oral,yes,,,1,0
4,m,1962,8,старики будут молиться.,,молиться,pray,кубайдия,kubajdija,FUT,FUT,oral,yes,,,1,0
4,m,1962,10,Осенью школьники полетят в Москву.,In autumn the pupils will fly to Moscow,лететь,fly,бурия,burija,FUT,FUT,oral,yes,,,1,0
4,m,1962,19,Сейчас фокусник махнёт рукой и книги исчезнут.,The magician will wave his hand and the books will disappear,исчезнуть,disappear,рот1уя,rot'uja,FUT,FUT,oral,yes,,,1,0
4,m,1962,22,"Нитки, которые ты купил, скоро порвутся",The threads you bought will get torn soon,порваться,tear,танния,tannija,FUT,FUT,oral,yes,,,1,0
4,m,1962,27,На соревновании все побегут с этого места,All participants of the competition will start running from here,бежать,run,гьеллия,hellija,FUT,FUT,oral,yes,,,1,0
4,m,1962,4,У меня сегодня весь день нитки рвутся,My threads get torn the whole day,порваться,tear,таннир,tannir,PROG,PROG,oral,yes,,r,1,0
4,m,1962,13,"Смотри, чашки исчезают!","Look, the teacups are disappearing",исчезнуть,disappear,бот1урадо,bot'urado,PROG,PROG,oral,yes,,rado,1,0
4,m,1962,15,Эти девочки очень быстро бегут.,These girls are running very fast,бежать,run,гьеллир,hellir,PROG,PROG,oral,yes,,r,1,0
4,m,1962,21,От его взгляда вилки сгибаются.,Forks bend under his gaze,гнуться,bend,ч1илоллъир,tʃ'ilolɬir,PROG,PROG,oral,yes,,r,1,0
4,m,1962,25,"Гляди, шахматы падают. ","Look, the chess are falling",упасть,fall,бук1урадо,buk'urado,PROG,PROG,oral,yes,,rado,1,0
4,m,1962,30,Наши сейчас выигрывают.,Our guys are winning now,выиграть,win,вашор,waʃor,PROG,PROG,oral,yes,,r,1,0
5,f,1964,5,Девочки засмеялись над шуткой.,The girls laughed about the joke,смеяться,laugh,йелълъи,jeɬːi,AOR,AOR,oral,yes,,,0,
5,f,1964,9,Гнилые нитки порвались.,The rotten threads got torn,порваться,tear,танний,tannij,AOR,PF,oral,no,,,0,
5,f,1964,11,Фокусник махнул рукой и стулья исчезли.,The illusionist weaved his hand and the chairs disappeared,исчезнуть,disappear,бит1уй,bit'uj,AOR,PF,oral,no,no,,0,
5,f,1964,14,"Фокусник махнул рукой, и гвозди погнулись.",The magician waved his hand and the nails bent,гнуться,bend,бохъинний,boqχinnij,AOR,PF,nasal,no,,,0,
5,f,1964,16,Шахматные фигуры упали со стола. ,The chess figures fell down from the table,упасть,fall,буккуй,bukːuj,AOR,PF,oral,no,,,0,
5,f,1964,18,Наши ребята выиграли.,Our guys won,выиграть,win,вашай,waʃaj,AOR,PF,oral,no,,,0,
5,f,1964,20,"Фокусник махнул рукой, и все телевизоры сломались. ",The magician waved his hand and all TVs got broken,сломаться,break,бихъинний,biqχinnij,AOR,PF,nasal,no,,,0,
5,f,1964,26,Мужчины помолились.,The men prayed,молиться,pray,кубайдир джиди,kubajdir dʒidi,AOR,AOR,oral,no,,,0,
5,f,1964,10,Осенью школьники полетят в Москву.,In autumn the pupils will fly to Moscow,лететь,fly,"бурий, бурир","burij, burir",FUT,"PF, PROG",oral,no,,,0,
5,f,1964,12,Мальчики будут надо мной смеяться,Boys will laugh at me,смеяться,laugh,велълъия,weɬːija,FUT,FUT,oral,yes,,,0,
5,f,1964,24,Эти телефоны через год сломаются,These phones will break in a year,сломаться,break,рокъинния,roq'innija,FUT,FUT,nasal,yes,,,0,
5,f,1964,27,На соревновании все побегут с этого места,All participants of the competition will start running from here,бежать,run,гьеллирил,helliril,FUT,PROG,oral,no,,,0,
5,f,1964,29,Сейчас фокусник махнёт рукой и вилки погнутся,The magician will wave his hand and the forks will bend,гнуться,bend,бокъинний,boq'innij,FUT,PF,nasal,no,,,0,
5,f,1964,4,У меня сегодня весь день нитки рвутся,My threads get torn the whole day,порваться,tear,таннолъий,tannoɬij,PROG,PF,oral,no,,,0,
5,f,1964,13,"Смотри, чашки исчезают!","Look, the teacups are disappearing",исчезнуть,disappear,бот1уй,bot'uj,PROG,PF,oral,no,,,0,
5,f,1964,23,"Что бы мы ни делали, они над нами смеются.","Whatever we do, they laugh at us",смеяться,laugh,велълъол,weɬːol,PROG,лълъо,oral,no,,,0,
5,f,1964,28,Телевизоры быстро ломаются один за другим.,Tv sets get broken one after another,сломаться,break,бихъимадо,biqχimado,PROG,PROG,nasal,yes,,mado,0,
5,f,1964,30,Наши сейчас выигрывают.,Our guys are winning now,выиграть,win,вашия,waʃija,PROG,FUT,oral,no,,,0,
5,f,1964,1,Родители полетели в Москву,The parents flew to Moscow,лететь,fly,бури,buri,AOR,AOR,oral,yes,,,1,0
5,f,1964,3,Мальчики бежали два часа,The boys ran for two hours,бежать,run,гьелли,helli,AOR,AOR,oral,yes,,,1,0
5,f,1964,2,"Не качай стол, шахматы упадут.","Don't move the table, the chess figures will fall down ",упасть,fall,буккуя,bukːuja,FUT,FUT,oral,yes,,,1,0
5,f,1964,6,эти мальчики точно выиграют. ,These boys will surely win,выиграть,win,вашия,waʃija,FUT,FUT,oral,yes,,,1,0
5,f,1964,8,старики будут молиться.,,молиться,pray,куболидия,kubolidija,FUT,FUT,oral,yes,,,1,0
5,f,1964,19,Сейчас фокусник махнёт рукой и книги исчезнут.,The magician will wave his hand and the books will disappear,исчезнуть,disappear,рот1уя,rot'uja,FUT,FUT,oral,yes,,,1,0
5,f,1964,22,"Нитки, которые ты купил, скоро порвутся",The threads you bought will get torn soon,порваться,tear,танния,tannija,FUT,FUT,oral,yes,,,1,0
5,f,1964,7,их дети сейчас летят в Москву,Their children are now flying to Moscow,лететь,fly,буририл,buriril,PROG,PROG,oral,yes,,r,1,1
5,f,1964,15,Эти девочки очень быстро бегут.,These girls are running very fast,бежать,run,гьеллир,hellir,PROG,PROG,oral,yes,,r,1,0
5,f,1964,17,"Не мешай, эти женщины молятся!","Don't disturb them, these women are praying",молиться,pray,куболидирил,kubolidiril,PROG,PROG,oral,yes,,r,1,1
5,f,1964,21,От его взгляда вилки сгибаются.,Forks bend under his gaze,гнуться,bend,бокъонлъир,boq'onɬir,PROG,PROG,oral,yes,,r,1,0
5,f,1964,25,"Гляди, шахматы падают. ","Look, the chess are falling",упасть,fall,буккур,bukːur,PROG,PROG,oral,yes,,r,1,0
6,f,2002,1,Родители полетели в Москву,The parents flew to Moscow,лететь,fly,бурий,burij,AOR,PF,oral,no,,,0,
6,f,2002,3,Мальчики бежали два часа,The boys ran for two hours,бежать,run,гьеллий,hellij,AOR,PF,oral,no,,,0,
6,f,2002,5,Девочки засмеялись над шуткой.,The girls laughed about the joke,смеяться,laugh,йелълъий,jeɬːij,AOR,PF,oral,no,,,0,
6,f,2002,9,Гнилые нитки порвались.,The rotten threads got torn,порваться,tear,танний,tannij,AOR,PF,oral,no,,,0,
6,f,2002,11,Фокусник махнул рукой и стулья исчезли.,The illusionist weaved his hand and the chairs disappeared,исчезнуть,disappear,бот1уй,bot'uj,AOR,PF,oral,no,,,0,
6,f,2002,14,"Фокусник махнул рукой, и гвозди погнулись.",The magician waved his hand and the nails bent,гнуться,bend,т1ебий,t'ebij,AOR,PF,oral,no,,,0,
6,f,2002,16,Шахматные фигуры упали со стола. ,The chess figures fell down from the table,упасть,fall,буккуй,bukːuj,AOR,PF,oral,no,,,0,
6,f,2002,20,"Фокусник махнул рукой, и все телевизоры сломались. ",The magician waved his hand and all TVs got broken,сломаться,break,бот1уй,bot'uj,AOR,PF,oral,no,,,0,
6,f,2002,26,Мужчины помолились.,The men prayed,молиться,pray,кубайдир джиди,kubajdir dʒidi,AOR,AOR,oral,no,,,0,
6,f,2002,8,старики будут молиться.,,молиться,pray,кубайдир джидия,kubajdir dʒidija,FUT,PROG FUT,oral,no,,,0,
6,f,2002,12,Мальчики будут надо мной смеяться,Boys will laugh at me,смеяться,laugh,велълъиял,weɬːijal,FUT,FUT,oral,yes,,,0,
6,f,2002,24,Эти телефоны через год сломаются,These phones will break in a year,сломаться,break,роч1иял,rotʃ'ijal,FUT,FUT,oral,yes,,,0,
6,f,2002,23,"Что бы мы ни делали, они над нами смеются.","Whatever we do, they laugh at us",смеяться,laugh,велълъир,weɬːir,PROG,PROG,oral,yes,,r,0,
6,f,2002,28,Телевизоры быстро ломаются один за другим.,Tv sets get broken one after another,сломаться,break,роч1ор,rotʃ'or,PROG,PROG,oral,yes,,r,0,
6,f,2002,18,Наши ребята выиграли.,Our guys won,выиграть,win,ваши,waʃi,AOR,AOR,oral,yes,,,1,0
6,f,2002,2,"Не качай стол, шахматы упадут.","Don't move the table, the chess figures will fall down ",упасть,fall,буккуя,bukːuja,FUT,FUT,oral,yes,,,1,0
6,f,2002,6,эти мальчики точно выиграют. ,These boys will surely win,выиграть,win,вачиял,watʃijal,FUT,FUT,oral,yes,,,1,1
6,f,2002,10,Осенью школьники полетят в Москву.,In autumn the pupils will fly to Moscow,лететь,fly,бурия,burija,FUT,FUT,oral,yes,,,1,0
6,f,2002,19,Сейчас фокусник махнёт рукой и книги исчезнут.,The magician will wave his hand and the books will disappear,исчезнуть,disappear,рот1уя,rot'uja,FUT,FUT,oral,yes,,,1,0
6,f,2002,22,"Нитки, которые ты купил, скоро порвутся",The threads you bought will get torn soon,порваться,tear,танния,tannija,FUT,FUT,oral,yes,,,1,0
6,f,2002,27,На соревновании все побегут с этого места,All participants of the competition will start running from here,бежать,run,гьеллиял,hellijal,FUT,FUT,oral,yes,,,1,1
6,f,2002,29,Сейчас фокусник махнёт рукой и вилки погнутся,The magician will wave his hand and the forks will bend,гнуться,bend,т1ебия,t'ebija,FUT,FUT,oral,yes,,,1,0
6,f,2002,4,У меня сегодня весь день нитки рвутся,My threads get torn the whole day,порваться,tear,таннир,tannir,PROG,PROG,oral,yes,,r,1,0
6,f,2002,7,их дети сейчас летят в Москву,Their children are now flying to Moscow,лететь,fly,бурир,burir,PROG,PROG,oral,yes,,r,1,1
6,f,2002,13,"Смотри, чашки исчезают!","Look, the teacups are disappearing",исчезнуть,disappear,бот1ур,bot'ur,PROG,PROG,oral,yes,,r,1,0
6,f,2002,15,Эти девочки очень быстро бегут.,These girls are running very fast,бежать,run,гьеллир,hellir,PROG,PROG,oral,yes,,r,1,0
6,f,2002,17,"Не мешай, эти женщины молятся!","Don't disturb them, these women are praying",молиться,pray,куболидирил,kubolidiril,PROG,PROG,oral,yes,,r,1,1
6,f,2002,21,От его взгляда вилки сгибаются.,Forks bend under his gaze,гнуться,bend,т1ебир,t'ebir,PROG,PROG,oral,yes,,r,1,0
6,f,2002,25,"Гляди, шахматы падают. ","Look, the chess are falling",упасть,fall,буккур,bukːur,PROG,PROG,oral,yes,,r,1,0
6,f,2002,30,Наши сейчас выигрывают.,Our guys are winning now,выиграть,win,вашар,waʃar,PROG,PROG,oral,yes,,r,1,0
7,f,1956,3,Мальчики бежали два часа,The boys ran for two hours,бежать,run,вач1ч1он,watʃ'ːon,AOR,AOR,nasal,no,,,0,
7,f,1956,5,Девочки засмеялись над шуткой.,The girls laughed about the joke,смеяться,laugh,йелълъи,jeɬːi,AOR,AOR,oral,yes,,,0,
7,f,1956,9,Гнилые нитки порвались.,The rotten threads got torn,порваться,tear,танташол,tantaʃol,AOR,?,oral,,,,0,
7,f,1956,20,"Фокусник махнул рукой, и все телевизоры сломались. ",The magician waved his hand and all TVs got broken,сломаться,break,гъурун,ʁurun,AOR,AOR,nasal,yes,,,0,
7,f,1956,12,Мальчики будут надо мной смеяться,Boys will laugh at me,смеяться,laugh,велълъия,weɬːija,FUT,FUT,oral,yes,,,0,
7,f,1956,24,Эти телефоны через год сломаются,These phones will break in a year,сломаться,break,рокъинния,roq'innija,FUT,FUT,nasal,yes,,,0,
7,f,1956,27,На соревновании все побегут с этого места,All participants of the competition will start running from here,бежать,run,?,?,FUT,FUT,,,,,0,
7,f,1956,7,их дети сейчас летят в Москву,Their children are now flying to Moscow,лететь,fly,бурдир,burdir,PROG,?,oral,no,,,0,
7,f,1956,21,От его взгляда вилки сгибаются.,Forks bend under his gaze,гнуться,bend,кулума?,kuluma?,PROG,PROG,,,,,0,
7,f,1956,23,"Что бы мы ни делали, они над нами смеются.","Whatever we do, they laugh at us",смеяться,laugh,велълъир,weɬːir,PROG,PROG,oral,yes,,r,0,
7,f,1956,28,Телевизоры быстро ломаются один за другим.,Tv sets get broken one after another,сломаться,break,?,?,PROG,PROG,,,,,0,
7,f,1956,30,Наши сейчас выигрывают.,Our guys are winning now,выиграть,win,вашия,waʃija,PROG,FUT,oral,no,,,0,
7,f,1956,1,Родители полетели в Москву,The parents flew to Moscow,лететь,fly,бури,buri,AOR,AOR,oral,yes,,,1,0
7,f,1956,11,Фокусник махнул рукой и стулья исчезли.,The illusionist weaved his hand and the chairs disappeared,исчезнуть,disappear,бот1у,bot'u,AOR,AOR,oral,yes,,,1,0
7,f,1956,14,"Фокусник махнул рукой, и гвозди погнулись.",The magician waved his hand and the nails bent,гнуться,bend,т1еби,t'ebi,AOR,AOR,oral,yes,,,1,0
7,f,1956,16,Шахматные фигуры упали со стола. ,The chess figures fell down from the table,упасть,fall,букку,bukːu,AOR,AOR,oral,yes,,,1,0
7,f,1956,18,Наши ребята выиграли.,Our guys won,выиграть,win,вашша,waʃːa,AOR,AOR,oral,yes,,,1,0
7,f,1956,26,Мужчины помолились.,The men prayed,молиться,pray,кубойлиди,kubojlidi,AOR,AOR,oral,yes,,,1,0
7,f,1956,2,"Не качай стол, шахматы упадут.","Don't move the table, the chess figures will fall down ",упасть,fall,буккуя,bukːuja,FUT,FUT,oral,yes,,,1,0
7,f,1956,6,эти мальчики точно выиграют. ,These boys will surely win,выиграть,win,вашия,waʃija,FUT,FUT,oral,yes,,,1,0
7,f,1956,8,старики будут молиться.,,молиться,pray,куболидия,kubolidija,FUT,FUT,oral,yes,,,1,0
7,f,1956,10,Осенью школьники полетят в Москву.,In autumn the pupils will fly to Moscow,лететь,fly,бурия,burija,FUT,FUT,oral,yes,,,1,0
7,f,1956,19,Сейчас фокусник махнёт рукой и книги исчезнут.,The magician will wave his hand and the books will disappear,исчезнуть,disappear,рот1уя,rot'uja,FUT,FUT,oral,yes,,,1,0
7,f,1956,22,"Нитки, которые ты купил, скоро порвутся",The threads you bought will get torn soon,порваться,tear,танташия,tantaʃija,FUT,FUT,oral,yes,,,1,0
7,f,1956,29,Сейчас фокусник махнёт рукой и вилки погнутся,The magician will wave his hand and the forks will bend,гнуться,bend,т1ебия,t'ebija,FUT,FUT,oral,yes,,,1,0
7,f,1956,4,У меня сегодня весь день нитки рвутся,My threads get torn the whole day,порваться,tear,таннир,tannir,PROG,PROG,oral,yes,,r,1,0
7,f,1956,13,"Смотри, чашки исчезают!","Look, the teacups are disappearing",исчезнуть,disappear,бот1ур,bot'ur,PROG,PROG,oral,yes,,r,1,0
7,f,1956,15,Эти девочки очень быстро бегут.,These girls are running very fast,бежать,run,гьеллир,hellir,PROG,PROG,oral,yes,,r,1,0
7,f,1956,17,"Не мешай, эти женщины молятся!","Don't disturb them, these women are praying",молиться,pray,куболидир,kubolidir,PROG,PROG,oral,yes,,r,1,0
7,f,1956,25,"Гляди, шахматы падают. ","Look, the chess are falling",упасть,fall,буккур,bukːur,PROG,PROG,oral,yes,,r,1,0
8,f,1997,5,Девочки засмеялись над шуткой.,The girls laughed about the joke,смеяться,laugh,йелълъи,jeɬːi,AOR,AOR,oral,yes,,,0,
8,f,1997,20,"Фокусник махнул рукой, и все телевизоры сломались. ",The magician waved his hand and all TVs got broken,сломаться,break,гъурун,ʁurun,AOR,AOR,nasal,yes,,,0,
8,f,1997,12,Мальчики будут надо мной смеяться,Boys will laugh at me,смеяться,laugh,велълъия,weɬːija,FUT,FUT,oral,yes,,,0,
8,f,1997,24,Эти телефоны через год сломаются,These phones will break in a year,сломаться,break,рок1инния,rok'innija,FUT,FUT,nasal,yes,,,0,
8,f,1997,23,"Что бы мы ни делали, они над нами смеются.","Whatever we do, they laugh at us",смеяться,laugh,велълъи,weɬːi,PROG,AOR,oral,no,,,0,
8,f,1997,28,Телевизоры быстро ломаются один за другим.,Tv sets get broken one after another,сломаться,break,бокъимадо,boq'imado,PROG,PROG,nasal,yes,,mado,0,
8,f,1997,1,Родители полетели в Москву,The parents flew to Moscow,лететь,fly,бури,buri,AOR,AOR,oral,yes,,,1,0
8,f,1997,3,Мальчики бежали два часа,The boys ran for two hours,бежать,run,гьелли,helli,AOR,AOR,oral,yes,,,1,0
8,f,1997,9,Гнилые нитки порвались.,The rotten threads got torn,порваться,tear,танни,tanni,AOR,AOR,oral,yes,,,1,0
8,f,1997,11,Фокусник махнул рукой и стулья исчезли.,The illusionist weaved his hand and the chairs disappeared,исчезнуть,disappear,бот1у,bot'u,AOR,AOR,oral,yes,,,1,0
8,f,1997,14,"Фокусник махнул рукой, и гвозди погнулись.",The magician waved his hand and the nails bent,гнуться,bend,т1еби,t'ebi,AOR,AOR,oral,yes,,,1,0
8,f,1997,16,Шахматные фигуры упали со стола. ,The chess figures fell down from the table,упасть,fall,букку,bukːu,AOR,AOR,oral,yes,,,1,0
8,f,1997,18,Наши ребята выиграли.,Our guys won,выиграть,win,ваша,waʃa,AOR,AOR,oral,yes,,,1,0
8,f,1997,26,Мужчины помолились.,The men prayed,молиться,pray,куболийди,kubolijdi,AOR,AOR,oral,yes,,,1,0
8,f,1997,2,"Не качай стол, шахматы упадут.","Don't move the table, the chess figures will fall down ",упасть,fall,бук1уя,buk'uja,FUT,FUT,oral,yes,,,1,0
8,f,1997,6,эти мальчики точно выиграют. ,These boys will surely win,выиграть,win,вашия,waʃija,FUT,FUT,oral,yes,,,1,0
8,f,1997,8,старики будут молиться.,,молиться,pray,кубайлидия,kubajlidija,FUT,FUT,oral,yes,,,1,0
8,f,1997,10,Осенью школьники полетят в Москву.,In autumn the pupils will fly to Moscow,лететь,fly,бурия,burija,FUT,FUT,oral,yes,,,1,0
8,f,1997,19,Сейчас фокусник махнёт рукой и книги исчезнут.,The magician will wave his hand and the books will disappear,исчезнуть,disappear,рот1уя,rot'uja,FUT,FUT,oral,yes,,,1,0
8,f,1997,22,"Нитки, которые ты купил, скоро порвутся",The threads you bought will get torn soon,порваться,tear,танния,tannija,FUT,FUT,oral,yes,,,1,0
8,f,1997,27,На соревновании все побегут с этого места,All participants of the competition will start running from here,бежать,run,гьеллия,hellija,FUT,FUT,oral,yes,,,1,0
8,f,1997,29,Сейчас фокусник махнёт рукой и вилки погнутся,The magician will wave his hand and the forks will bend,гнуться,bend,т1ебия,t'ebija,FUT,FUT,oral,yes,,,1,0
8,f,1997,4,У меня сегодня весь день нитки рвутся,My threads get torn the whole day,порваться,tear,таннир,tannir,PROG,PROG,oral,yes,,r,1,0
8,f,1997,7,их дети сейчас летят в Москву,Their children are now flying to Moscow,лететь,fly,бурир,burir,PROG,PROG,oral,yes,,r,1,0
8,f,1997,13,"Смотри, чашки исчезают!","Look, the teacups are disappearing",исчезнуть,disappear,бот1урадо,bot'urado,PROG,PROG,oral,yes,,rado,1,0
8,f,1997,15,Эти девочки очень быстро бегут.,These girls are running very fast,бежать,run,гьеллир,hellir,PROG,PROG,oral,yes,,r,1,0
8,f,1997,17,"Не мешай, эти женщины молятся!","Don't disturb them, these women are praying",молиться,pray,кубойлидир,kubojlidir,PROG,PROG,oral,yes,,r,1,0
8,f,1997,21,От его взгляда вилки сгибаются.,Forks bend under his gaze,гнуться,bend,т1ебирадо,t'ebirado,PROG,PROG,oral,yes,,rado,1,0
8,f,1997,25,"Гляди, шахматы падают. ","Look, the chess are falling",упасть,fall,буккур,bukːur,PROG,PROG,oral,yes,,r,1,0
8,f,1997,30,Наши сейчас выигрывают.,Our guys are winning now,выиграть,win,вашар,waʃar,PROG,PROG,oral,yes,,r,1,0
9,f,1956,1,Родители полетели в Москву,The parents flew to Moscow,лететь,fly,бурий,burij,AOR,PF,oral,no,,,0,
9,f,1956,5,Девочки засмеялись над шуткой.,The girls laughed about the joke,смеяться,laugh,йелълъи,jeɬːi,AOR,AOR,oral,yes,,,0,
9,f,1956,16,Шахматные фигуры упали со стола. ,The chess figures fell down from the table,упасть,fall,буккуй,bukːuj,AOR,PF,oral,no,,,0,
9,f,1956,20,"Фокусник махнул рукой, и все телевизоры сломались. ",The magician waved his hand and all TVs got broken,сломаться,break,гъурун,ʁurun,AOR,AOR,nasal,yes,,,0,
9,f,1956,12,Мальчики будут надо мной смеяться,Boys will laugh at me,смеяться,laugh,велълъия,weɬːija,FUT,FUT,oral,yes,,,0,
9,f,1956,24,Эти телефоны через год сломаются,These phones will break in a year,сломаться,break,рокъимадул,roq'imadul,FUT,FUT,nasal,yes,,,0,
9,f,1956,29,Сейчас фокусник махнёт рукой и вилки погнутся,The magician will wave his hand and the forks will bend,гнуться,bend,бокъимадол,boq'imadol,FUT,PROG,nasal,no,,,0,
9,f,1956,7,их дети сейчас летят в Москву,Their children are now flying to Moscow,лететь,fly,бурия,burija,PROG,FUT,oral,no,,,0,
9,f,1956,23,"Что бы мы ни делали, они над нами смеются.","Whatever we do, they laugh at us",смеяться,laugh,велълъол,weɬːol,PROG,лълъо,oral,no,,,0,
9,f,1956,28,Телевизоры быстро ломаются один за другим.,Tv sets get broken one after another,сломаться,break,бохумадо,boχumado,PROG,PROG,nasal,yes,,mado,0,
9,f,1956,30,Наши сейчас выигрывают.,Our guys are winning now,выиграть,win,вашиял,waʃijal,PROG,FUT,oral,no,,,0,
9,f,1956,3,Мальчики бежали два часа,The boys ran for two hours,бежать,run,гьелли,helli,AOR,AOR,oral,yes,,,1,0
9,f,1956,9,Гнилые нитки порвались.,The rotten threads got torn,порваться,tear,танни,tanni,AOR,AOR,oral,yes,,,1,0
9,f,1956,11,Фокусник махнул рукой и стулья исчезли.,The illusionist weaved his hand and the chairs disappeared,исчезнуть,disappear,бот1у,bot'u,AOR,AOR,oral,yes,,,1,0
9,f,1956,14,"Фокусник махнул рукой, и гвозди погнулись.",The magician waved his hand and the nails bent,гнуться,bend,ч1аболъи,tʃ'aboɬi,AOR,AOR,oral,yes,,,1,0
9,f,1956,18,Наши ребята выиграли.,Our guys won,выиграть,win,ваша,waʃa,AOR,AOR,oral,yes,,,1,0
9,f,1956,26,Мужчины помолились.,The men prayed,молиться,pray,куболийди,kubolijdi,AOR,AOR,oral,yes,,,1,0
9,f,1956,2,"Не качай стол, шахматы упадут.","Don't move the table, the chess figures will fall down ",упасть,fall,буккуя,bukːuja,FUT,FUT,oral,yes,,,1,0
9,f,1956,6,эти мальчики точно выиграют. ,These boys will surely win,выиграть,win,вашия,waʃija,FUT,FUT,oral,yes,,,1,0
9,f,1956,8,старики будут молиться.,,молиться,pray,куболийдия,kubolijdija,FUT,FUT,oral,yes,,,1,0
9,f,1956,10,Осенью школьники полетят в Москву.,In autumn the pupils will fly to Moscow,лететь,fly,бурия,burija,FUT,FUT,oral,yes,,,1,0
9,f,1956,19,Сейчас фокусник махнёт рукой и книги исчезнут.,The magician will wave his hand and the books will disappear,исчезнуть,disappear,рот1уя,rot'uja,FUT,FUT,oral,yes,,,1,0
9,f,1956,22,"Нитки, которые ты купил, скоро порвутся",The threads you bought will get torn soon,порваться,tear,танния,tannija,FUT,FUT,oral,yes,,,1,0
9,f,1956,27,На соревновании все побегут с этого места,All participants of the competition will start running from here,бежать,run,гьеллия,hellija,FUT,FUT,oral,yes,,,1,0
9,f,1956,4,У меня сегодня весь день нитки рвутся,My threads get torn the whole day,порваться,tear,таннир,tannir,PROG,PROG,oral,yes,,r,1,0
9,f,1956,13,"Смотри, чашки исчезают!","Look, the teacups are disappearing",исчезнуть,disappear,рот1ур,rot'ur,PROG,PROG,oral,yes,,r,1,0
9,f,1956,15,Эти девочки очень быстро бегут.,These girls are running very fast,бежать,run,гьеллирил,helliril,PROG,PROG,oral,yes,,r,1,1
9,f,1956,17,"Не мешай, эти женщины молятся!","Don't disturb them, these women are praying",молиться,pray,куболийдирил,kubolijdiril,PROG,PROG,oral,yes,,r,1,1
9,f,1956,21,От его взгляда вилки сгибаются.,Forks bend under his gaze,гнуться,bend,ч1илоллъир,tʃ'ilolɬir,PROG,PROG,oral,yes,,r,1,0
9,f,1956,25,"Гляди, шахматы падают. ","Look, the chess are falling",упасть,fall,бук1урил,buk'uril,PROG,PROG,oral,yes,,r,1,1
10,m,1991,3,Мальчики бежали два часа,The boys ran for two hours,бежать,run,гьеллир,hellir,AOR,PROG,oral,no,,,0,
10,m,1991,5,Девочки засмеялись над шуткой.,The girls laughed about the joke,смеяться,laugh,йелълъи,jeɬːi,AOR,AOR,oral,yes,,,0,
10,m,1991,20,"Фокусник махнул рукой, и все телевизоры сломались. ",The magician waved his hand and all TVs got broken,сломаться,break,боч1о,botʃ'o,AOR,AOR,oral,yes,,,0,
10,m,1991,12,Мальчики будут надо мной смеяться,Boys will laugh at me,смеяться,laugh,велълъия,weɬːija,FUT,FUT,oral,yes,,,0,
10,m,1991,24,Эти телефоны через год сломаются,These phones will break in a year,сломаться,break,роч1ия,rotʃ'ija,FUT,FUT,oral,yes,,,0,
10,m,1991,23,"Что бы мы ни делали, они над нами смеются.","Whatever we do, they laugh at us",смеяться,laugh,велълъо,weɬːo,PROG,лълъо,oral,no,,,0,
10,m,1991,28,Телевизоры быстро ломаются один за другим.,Tv sets get broken one after another,сломаться,break,боч1ор,botʃ'or,PROG,PROG,oral,yes,,r,0,
10,m,1991,1,Родители полетели в Москву,The parents flew to Moscow,лететь,fly,бури,buri,AOR,AOR,oral,yes,,,1,0
10,m,1991,9,Гнилые нитки порвались.,The rotten threads got torn,порваться,tear,танни,tanni,AOR,AOR,oral,yes,,,1,0
10,m,1991,11,Фокусник махнул рукой и стулья исчезли.,The illusionist weaved his hand and the chairs disappeared,исчезнуть,disappear,бот1у,bot'u,AOR,AOR,oral,yes,,,1,0
10,m,1991,14,"Фокусник махнул рукой, и гвозди погнулись.",The magician waved his hand and the nails bent,гнуться,bend,ч1илолти,tʃ'ilolti,AOR,AOR,oral,yes,,,1,0
10,m,1991,16,Шахматные фигуры упали со стола. ,The chess figures fell down from the table,упасть,fall,букку,bukːu,AOR,AOR,oral,yes,,,1,0
10,m,1991,18,Наши ребята выиграли.,Our guys won,выиграть,win,ваша,waʃa,AOR,AOR,oral,yes,,,1,0
10,m,1991,26,Мужчины помолились.,The men prayed,молиться,pray,куболийди,kubolijdi,AOR,AOR,oral,yes,,,1,0
10,m,1991,2,"Не качай стол, шахматы упадут.","Don't move the table, the chess figures will fall down ",упасть,fall,буккуя,bukːuja,FUT,FUT,oral,yes,,,1,0
10,m,1991,6,эти мальчики точно выиграют. ,These boys will surely win,выиграть,win,вашия,waʃija,FUT,FUT,oral,yes,,,1,0
10,m,1991,8,старики будут молиться.,,молиться,pray,куболийдия,kubolijdija,FUT,FUT,oral,yes,,,1,0
10,m,1991,10,Осенью школьники полетят в Москву.,In autumn the pupils will fly to Moscow,лететь,fly,бурия,burija,FUT,FUT,oral,yes,,,1,0
10,m,1991,19,Сейчас фокусник махнёт рукой и книги исчезнут.,The magician will wave his hand and the books will disappear,исчезнуть,disappear,рот1уя,rot'uja,FUT,FUT,oral,yes,,,1,0
10,m,1991,22,"Нитки, которые ты купил, скоро порвутся",The threads you bought will get torn soon,порваться,tear,танния,tannija,FUT,FUT,oral,yes,,,1,0
10,m,1991,27,На соревновании все побегут с этого места,All participants of the competition will start running from here,бежать,run,гьеллия,hellija,FUT,FUT,oral,yes,,,1,0
10,m,1991,29,Сейчас фокусник махнёт рукой и вилки погнутся,The magician will wave his hand and the forks will bend,гнуться,bend,ч1илоллъия,tʃ'ilolɬija,FUT,FUT,oral,yes,,,1,0
10,m,1991,4,У меня сегодня весь день нитки рвутся,My threads get torn the whole day,порваться,tear,таннир,tannir,PROG,PROG,oral,yes,,r,1,0
10,m,1991,7,их дети сейчас летят в Москву,Their children are now flying to Moscow,лететь,fly,бурир,burir,PROG,PROG,oral,yes,,r,1,0
10,m,1991,13,"Смотри, чашки исчезают!","Look, the teacups are disappearing",исчезнуть,disappear,бот1урадо,bot'urado,PROG,PROG,oral,yes,,rado,1,0
10,m,1991,15,Эти девочки очень быстро бегут.,These girls are running very fast,бежать,run,гьеллирадо,hellirado,PROG,PROG,oral,yes,,rado,1,0
10,m,1991,17,"Не мешай, эти женщины молятся!","Don't disturb them, these women are praying",молиться,pray,куболийдир,kubolijdir,PROG,PROG,oral,yes,,r,1,0
10,m,1991,21,От его взгляда вилки сгибаются.,Forks bend under his gaze,гнуться,bend,ч1илоллъир,tʃ'ilolɬir,PROG,PROG,oral,yes,,r,1,0
10,m,1991,25,"Гляди, шахматы падают. ","Look, the chess are falling",упасть,fall,буккур,bukːur,PROG,PROG,oral,yes,,r,1,0
10,m,1991,30,Наши сейчас выигрывают.,Our guys are winning now,выиграть,win,вашар,waʃar,PROG,PROG,oral,yes,,r,1,0
11,m,2000,5,Девочки засмеялись над шуткой.,The girls laughed about the joke,смеяться,laugh,йелълъи,jeɬːi,AOR,AOR,oral,yes,,,0,
11,m,2000,20,"Фокусник махнул рукой, и все телевизоры сломались. ",The magician waved his hand and all TVs got broken,сломаться,break,бот1у,bot'u,AOR,AOR,oral,yes,,,0,
11,m,2000,12,Мальчики будут надо мной смеяться,Boys will laugh at me,смеяться,laugh,велълъия,weɬːija,FUT,FUT,oral,yes,,,0,
11,m,2000,24,Эти телефоны через год сломаются,These phones will break in a year,сломаться,break,роч1ия,rotʃ'ija,FUT,FUT,oral,yes,,,0,
11,m,2000,23,"Что бы мы ни делали, они над нами смеются.","Whatever we do, they laugh at us",смеяться,laugh,велълъо,weɬːo,PROG,лълъо,oral,no,,,0,
11,m,2000,28,Телевизоры быстро ломаются один за другим.,Tv sets get broken one after another,сломаться,break,боч1ор,botʃ'or,PROG,PROG,oral,yes,,r,0,
11,m,2000,1,Родители полетели в Москву,The parents flew to Moscow,лететь,fly,бури,buri,AOR,AOR,oral,yes,,,1,0
11,m,2000,3,Мальчики бежали два часа,The boys ran for two hours,бежать,run,гьелли,helli,AOR,AOR,oral,yes,,,1,0
11,m,2000,9,Гнилые нитки порвались.,The rotten threads got torn,порваться,tear,танни,tanni,AOR,AOR,oral,yes,,,1,0
11,m,2000,11,Фокусник махнул рукой и стулья исчезли.,The illusionist weaved his hand and the chairs disappeared,исчезнуть,disappear,бот1у,bot'u,AOR,AOR,oral,yes,,,1,0
11,m,2000,14,"Фокусник махнул рукой, и гвозди погнулись.",The magician waved his hand and the nails bent,гнуться,bend,т1еби,t'ebi,AOR,AOR,oral,yes,,,1,0
11,m,2000,16,Шахматные фигуры упали со стола. ,The chess figures fell down from the table,упасть,fall,букку,bukːu,AOR,AOR,oral,yes,,,1,0
11,m,2000,18,Наши ребята выиграли.,Our guys won,выиграть,win,ваша,waʃa,AOR,AOR,oral,yes,,,1,0
11,m,2000,26,Мужчины помолились.,The men prayed,молиться,pray,куболийди,kubolijdi,AOR,AOR,oral,yes,,,1,0
11,m,2000,2,"Не качай стол, шахматы упадут.","Don't move the table, the chess figures will fall down ",упасть,fall,буккуя,bukːuja,FUT,FUT,oral,yes,,,1,0
11,m,2000,6,эти мальчики точно выиграют. ,These boys will surely win,выиграть,win,вашия,waʃija,FUT,FUT,oral,yes,,,1,0
11,m,2000,8,старики будут молиться.,,молиться,pray,куболийдия,kubolijdija,FUT,FUT,oral,yes,,,1,0
11,m,2000,10,Осенью школьники полетят в Москву.,In autumn the pupils will fly to Moscow,лететь,fly,бурия,burija,FUT,FUT,oral,yes,,,1,0
11,m,2000,19,Сейчас фокусник махнёт рукой и книги исчезнут.,The magician will wave his hand and the books will disappear,исчезнуть,disappear,рот1уя,rot'uja,FUT,FUT,oral,yes,,,1,0
11,m,2000,22,"Нитки, которые ты купил, скоро порвутся",The threads you bought will get torn soon,порваться,tear,танния,tannija,FUT,FUT,oral,yes,,,1,0
11,m,2000,27,На соревновании все побегут с этого места,All participants of the competition will start running from here,бежать,run,гьеллия,hellija,FUT,FUT,oral,yes,,,1,0
11,m,2000,29,Сейчас фокусник махнёт рукой и вилки погнутся,The magician will wave his hand and the forks will bend,гнуться,bend,т1ебия,t'ebija,FUT,FUT,oral,yes,,,1,0
11,m,2000,4,У меня сегодня весь день нитки рвутся,My threads get torn the whole day,порваться,tear,таннирадо,tannirado,PROG,PROG,oral,yes,,rado,1,0
11,m,2000,7,их дети сейчас летят в Москву,Their children are now flying to Moscow,лететь,fly,бурир,burir,PROG,PROG,oral,yes,,r,1,0
11,m,2000,13,"Смотри, чашки исчезают!","Look, the teacups are disappearing",исчезнуть,disappear,бот1ур,bot'ur,PROG,PROG,oral,yes,,r,1,0
11,m,2000,15,Эти девочки очень быстро бегут.,These girls are running very fast,бежать,run,гьеллир,hellir,PROG,PROG,oral,yes,,r,1,0
11,m,2000,17,"Не мешай, эти женщины молятся!","Don't disturb them, these women are praying",молиться,pray,куболийдир,kubolijdir,PROG,PROG,oral,yes,,r,1,0
11,m,2000,21,От его взгляда вилки сгибаются.,Forks bend under his gaze,гнуться,bend,т1ебирадо,t'ebirado,PROG,PROG,oral,yes,,rado,1,0
11,m,2000,25,"Гляди, шахматы падают. ","Look, the chess are falling",упасть,fall,буккур,bukːur,PROG,PROG,oral,yes,,r,1,0
11,m,2000,30,Наши сейчас выигрывают.,Our guys are winning now,выиграть,win,вашарадо,waʃarado,PROG,PROG,oral,yes,,rado,1,0
12,f,1968,5,Девочки засмеялись над шуткой.,The girls laughed about the joke,смеяться,laugh,йелълъи,jeɬːi,AOR,AOR,oral,yes,,,0,
12,f,1968,9,Гнилые нитки порвались.,The rotten threads got torn,порваться,tear,танташур,tantaʃur,AOR,PROG,oral,no,,,0,
12,f,1968,14,"Фокусник махнул рукой, и гвозди погнулись.",The magician waved his hand and the nails bent,гнуться,bend,гьанк1оду,hank'odu,AOR,AOR,,,,,0,
12,f,1968,20,"Фокусник махнул рукой, и все телевизоры сломались. ",The magician waved his hand and all TVs got broken,сломаться,break,бокъон,boq'on,AOR,AOR,nasal,yes,,,0,
12,f,1968,10,Осенью школьники полетят в Москву.,In autumn the pupils will fly to Moscow,лететь,fly,бурий воинния,burij woinnija,FUT,?,oral,no,,,0,
12,f,1968,12,Мальчики будут надо мной смеяться,Boys will laugh at me,смеяться,laugh,велълъий,weɬːij,FUT,PF,oral,no,,,0,
12,f,1968,19,Сейчас фокусник махнёт рукой и книги исчезнут.,The magician will wave his hand and the books will disappear,исчезнуть,disappear,,,FUT,,,,,,0,
12,f,1968,24,Эти телефоны через год сломаются,These phones will break in a year,сломаться,break,рокъинниял,roq'innijal,FUT,FUT,nasal,yes,,,0,
12,f,1968,27,На соревновании все побегут с этого места,All participants of the competition will start running from here,бежать,run,гьеллия,hellija,FUT,?,oral,,,,0,
12,f,1968,29,Сейчас фокусник махнёт рукой и вилки погнутся,The magician will wave his hand and the forks will bend,гнуться,bend,т1еболъий,t'eboɬij,FUT,PF,oral,no,,,0,
12,f,1968,7,их дети сейчас летят в Москву,Their children are now flying to Moscow,лететь,fly,бури воъинне,buri woʔinne,PROG,CVB HAB,oral,no,,,0,
12,f,1968,13,"Смотри, чашки исчезают!","Look, the teacups are disappearing",исчезнуть,disappear,бот1ур,bot'ur,PROG,?,oral,no,,,0,
12,f,1968,17,"Не мешай, эти женщины молятся!","Don't disturb them, these women are praying",молиться,pray,кубайдир джидир,kubajdir dʒidir,PROG,PROG PROG,oral,no,,,0,
12,f,1968,21,От его взгляда вилки сгибаются.,Forks bend under his gaze,гнуться,bend,т1ебий,t'ebij,PROG,?,oral,no,,,0,
12,f,1968,23,"Что бы мы ни делали, они над нами смеются.","Whatever we do, they laugh at us",смеяться,laugh,велълъол,weɬːol,PROG,лълъо,oral,no,,,0,
12,f,1968,28,Телевизоры быстро ломаются один за другим.,Tv sets get broken one after another,сломаться,break,бокъимадол,boq'imadol,PROG,PROG,nasal,yes,,mado,0,
12,f,1968,1,Родители полетели в Москву,The parents flew to Moscow,лететь,fly,бури,buri,AOR,AOR,oral,yes,,,1,0
12,f,1968,3,Мальчики бежали два часа,The boys ran for two hours,бежать,run,гьелли,helli,AOR,AOR,oral,yes,,,1,0
12,f,1968,11,Фокусник махнул рукой и стулья исчезли.,The illusionist weaved his hand and the chairs disappeared,исчезнуть,disappear,бот1у,bot'u,AOR,AOR,oral,yes,,,1,0
12,f,1968,16,Шахматные фигуры упали со стола. ,The chess figures fell down from the table,упасть,fall,букку,bukːu,AOR,AOR,oral,yes,,,1,0
12,f,1968,18,Наши ребята выиграли.,Our guys won,выиграть,win,ваша,waʃa,AOR,AOR,oral,yes,,,1,0
12,f,1968,26,Мужчины помолились.,The men prayed,молиться,pray,куболийди,kubolijdi,AOR,AOR,oral,yes,,,1,0
12,f,1968,2,"Не качай стол, шахматы упадут.","Don't move the table, the chess figures will fall down ",упасть,fall,буккуя,bukːuja,FUT,FUT,oral,yes,,,1,0
12,f,1968,6,эти мальчики точно выиграют. ,These boys will surely win,выиграть,win,вашия,waʃija,FUT,FUT,oral,yes,,,1,0
12,f,1968,8,старики будут молиться.,,молиться,pray,куболийдия,kubolijdija,FUT,FUT,oral,yes,,,1,0
12,f,1968,22,"Нитки, которые ты купил, скоро порвутся",The threads you bought will get torn soon,порваться,tear,танниял,tannijal,FUT,FUT,oral,yes,,,1,1
12,f,1968,4,У меня сегодня весь день нитки рвутся,My threads get torn the whole day,порваться,tear,таннир,tannir,PROG,PROG,oral,yes,,r,1,0
12,f,1968,15,Эти девочки очень быстро бегут.,These girls are running very fast,бежать,run,гьеллир,hellir,PROG,PROG,oral,yes,,r,1,0
12,f,1968,25,"Гляди, шахматы падают. ","Look, the chess are falling",упасть,fall,буккурадо,bukːurado,PROG,PROG,oral,yes,,rado,1,0
12,f,1968,30,Наши сейчас выигрывают.,Our guys are winning now,выиграть,win,вашарадо,waʃarado,PROG,PROG,oral,yes,,rado,1,0
13,f,1996,5,Девочки засмеялись над шуткой.,The girls laughed about the joke,смеяться,laugh,йелълъи,jeɬːi,AOR,AOR,oral,yes,,,0,
13,f,1996,9,Гнилые нитки порвались.,The rotten threads got torn,порваться,tear,танний,tannij,AOR,PF,oral,no,,,0,
13,f,1996,11,Фокусник махнул рукой и стулья исчезли.,The illusionist weaved his hand and the chairs disappeared,исчезнуть,disappear,бот1уй,bot'uj,AOR,PF,oral,no,,,0,
13,f,1996,14,"Фокусник махнул рукой, и гвозди погнулись.",The magician waved his hand and the nails bent,гнуться,bend,бот1уй,bot'uj,AOR,PF,oral,no,,,0,
13,f,1996,16,Шахматные фигуры упали со стола. ,The chess figures fell down from the table,упасть,fall,буккуй,bukːuj,AOR,PF,oral,no,,,0,
13,f,1996,18,Наши ребята выиграли.,Our guys won,выиграть,win,вашай,waʃaj,AOR,PF,oral,no,,,0,
13,f,1996,20,"Фокусник махнул рукой, и все телевизоры сломались. ",The magician waved his hand and all TVs got broken,сломаться,break,бот1уй,bot'uj,AOR,PF,oral,no,,,0,
13,f,1996,12,Мальчики будут надо мной смеяться,Boys will laugh at me,смеяться,laugh,велълъия,weɬːija,FUT,FUT,oral,yes,,,0,
13,f,1996,24,Эти телефоны через год сломаются,These phones will break in a year,сломаться,break,рокъинния,roq'innija,FUT,FUT,nasal,yes,,,0,
13,f,1996,7,их дети сейчас летят в Москву,Their children are now flying to Moscow,лететь,fly,бурия,burija,PROG,FUT,oral,no,,,0,
13,f,1996,21,От его взгляда вилки сгибаются.,Forks bend under his gaze,гнуться,bend,т1ебий,t'ebij,PROG,PF,oral,no,,,0,
13,f,1996,23,"Что бы мы ни делали, они над нами смеются.","Whatever we do, they laugh at us",смеяться,laugh,велълъо,weɬːo,PROG,лълъо,oral,no,,,0,
13,f,1996,28,Телевизоры быстро ломаются один за другим.,Tv sets get broken one after another,сломаться,break,бокъимадо,boq'imado,PROG,PROG,nasal,yes,,mado,0,
13,f,1996,1,Родители полетели в Москву,The parents flew to Moscow,лететь,fly,бури,buri,AOR,AOR,oral,yes,,,1,0
13,f,1996,3,Мальчики бежали два часа,The boys ran for two hours,бежать,run,гьелли,helli,AOR,AOR,oral,yes,,,1,0
13,f,1996,26,Мужчины помолились.,The men prayed,молиться,pray,куболийди,kubolijdi,AOR,AOR,oral,yes,,,1,0
13,f,1996,2,"Не качай стол, шахматы упадут.","Don't move the table, the chess figures will fall down ",упасть,fall,буккуя,bukːuja,FUT,FUT,oral,yes,,,1,0
13,f,1996,6,эти мальчики точно выиграют. ,These boys will surely win,выиграть,win,вашия,waʃija,FUT,FUT,oral,yes,,,1,0
13,f,1996,8,старики будут молиться.,,молиться,pray,куболийдия,kubolijdija,FUT,FUT,oral,yes,,,1,0
13,f,1996,10,Осенью школьники полетят в Москву.,In autumn the pupils will fly to Moscow,лететь,fly,бурия,burija,FUT,FUT,oral,yes,,,1,1
13,f,1996,19,Сейчас фокусник махнёт рукой и книги исчезнут.,The magician will wave his hand and the books will disappear,исчезнуть,disappear,рот1уя,rot'uja,FUT,FUT,oral,yes,,,1,0
13,f,1996,22,"Нитки, которые ты купил, скоро порвутся",The threads you bought will get torn soon,порваться,tear,танния,tannija,FUT,FUT,oral,yes,,,1,0
13,f,1996,27,На соревновании все побегут с этого места,All participants of the competition will start running from here,бежать,run,гьеллия,hellija,FUT,FUT,oral,yes,,,1,0
13,f,1996,29,Сейчас фокусник махнёт рукой и вилки погнутся,The magician will wave his hand and the forks will bend,гнуться,bend,т1ебия,t'ebija,FUT,FUT,oral,yes,,,1,0
13,f,1996,4,У меня сегодня весь день нитки рвутся,My threads get torn the whole day,порваться,tear,таннир,tannir,PROG,PROG,oral,yes,,r,1,0
13,f,1996,13,"Смотри, чашки исчезают!","Look, the teacups are disappearing",исчезнуть,disappear,бот1ур,bot'ur,PROG,PROG,oral,yes,,r,1,0
13,f,1996,15,Эти девочки очень быстро бегут.,These girls are running very fast,бежать,run,гьеллир,hellir,PROG,PROG,oral,yes,,r,1,0
13,f,1996,17,"Не мешай, эти женщины молятся!","Don't disturb them, these women are praying",молиться,pray,куболийдирил,kubolijdiril,PROG,PROG,oral,yes,,r,1,1
13,f,1996,25,"Гляди, шахматы падают. ","Look, the chess are falling",упасть,fall,буккурадо,bukːurado,PROG,PROG,oral,yes,,rado,1,0
13,f,1996,30,Наши сейчас выигрывают.,Our guys are winning now,выиграть,win,вашарадо,waʃarado,PROG,PROG,oral,yes,,rado,1,0
14,m,1976,1,Родители полетели в Москву,The parents flew to Moscow,лететь,fly,бури воъон,buri woʔon,AOR,CVB AOR,oral,no,,,0,
14,m,1976,3,Мальчики бежали два часа,The boys ran for two hours,бежать,run,гьелли воъон,helli woʔon,AOR,CVB AOR,oral,no,,,0,
14,m,1976,5,Девочки засмеялись над шуткой.,The girls laughed about the joke,смеяться,laugh,йелълъи,jeɬːi,AOR,AOR,oral,yes,,,0,
14,m,1976,14,"Фокусник махнул рукой, и гвозди погнулись.",The magician waved his hand and the nails bent,гнуться,bend,т1ебий,t'ebij,AOR,PF,oral,no,,,0,
14,m,1976,18,Наши ребята выиграли.,Our guys won,выиграть,win,вашай,waʃaj,AOR,PF,oral,no,,,0,
14,m,1976,20,"Фокусник махнул рукой, и все телевизоры сломались. ",The magician waved his hand and all TVs got broken,сломаться,break,бот1уй,bot'uj,AOR,PF,oral,no,,,0,
14,m,1976,26,Мужчины помолились.,The men prayed,молиться,pray,кубайдир джиди,kubajdir dʒidi,AOR,AOR,oral,no,,,0,
14,m,1976,10,Осенью школьники полетят в Москву.,In autumn the pupils will fly to Moscow,лететь,fly,воъинния бурий,woʔinnija burij,FUT,AOR CVB,oral,no,,,0,
14,m,1976,12,Мальчики будут надо мной смеяться,Boys will laugh at me,смеяться,laugh,велълъия,weɬːija,FUT,FUT,oral,yes,,,0,
14,m,1976,24,Эти телефоны через год сломаются,These phones will break in a year,сломаться,break,рокъинния,roq'innija,FUT,FUT,nasal,yes,,,0,
14,m,1976,27,На соревновании все побегут с этого места,All participants of the competition will start running from here,бежать,run,гьелли воъинния,helli woʔinnija,FUT,FUT,oral,,,,0,
14,m,1976,7,их дети сейчас летят в Москву,Their children are now flying to Moscow,лететь,fly,бури воъинне,buri woʔinne,PROG,CVB HAB,oral,no,,,0,
14,m,1976,23,"Что бы мы ни делали, они над нами смеются.","Whatever we do, they laugh at us",смеяться,laugh,велълъо,weɬːo,PROG,лълъо,oral,no,,,0,
14,m,1976,28,Телевизоры быстро ломаются один за другим.,Tv sets get broken one after another,сломаться,break,бохъимадо,boqχimado,PROG,PROG,nasal,yes,,mado,0,
14,m,1976,9,Гнилые нитки порвались.,The rotten threads got torn,порваться,tear,танни,tanni,AOR,AOR,oral,yes,,,1,0
14,m,1976,11,Фокусник махнул рукой и стулья исчезли.,The illusionist weaved his hand and the chairs disappeared,исчезнуть,disappear,бот1у,bot'u,AOR,AOR,oral,yes,,,1,0
14,m,1976,16,Шахматные фигуры упали со стола. ,The chess figures fell down from the table,упасть,fall,букку,bukːu,AOR,AOR,oral,yes,,,1,0
14,m,1976,2,"Не качай стол, шахматы упадут.","Don't move the table, the chess figures will fall down ",упасть,fall,буккуя,bukːuja,FUT,FUT,oral,yes,,,1,0
14,m,1976,6,эти мальчики точно выиграют. ,These boys will surely win,выиграть,win,вашия,waʃija,FUT,FUT,oral,yes,,,1,0
14,m,1976,8,старики будут молиться.,,молиться,pray,куболийдия,kubolijdija,FUT,FUT,oral,yes,,,1,0
14,m,1976,19,Сейчас фокусник махнёт рукой и книги исчезнут.,The magician will wave his hand and the books will disappear,исчезнуть,disappear,рот1уя,rot'uja,FUT,FUT,oral,yes,,,1,0
14,m,1976,22,"Нитки, которые ты купил, скоро порвутся",The threads you bought will get torn soon,порваться,tear,танниял,tannijal,FUT,FUT,oral,yes,,,1,1
14,m,1976,29,Сейчас фокусник махнёт рукой и вилки погнутся,The magician will wave his hand and the forks will bend,гнуться,bend,т1ебия,t'ebija,FUT,FUT,oral,yes,,,1,0
14,m,1976,4,У меня сегодня весь день нитки рвутся,My threads get torn the whole day,порваться,tear,таннир,tannir,PROG,PROG,oral,yes,,r,1,0
14,m,1976,13,"Смотри, чашки исчезают!","Look, the teacups are disappearing",исчезнуть,disappear,бот1урил,bot'uril,PROG,PROG,oral,yes,,r,1,1
14,m,1976,15,Эти девочки очень быстро бегут.,These girls are running very fast,бежать,run,гьеллирил,helliril,PROG,PROG,oral,yes,,r,1,1
14,m,1976,17,"Не мешай, эти женщины молятся!","Don't disturb them, these women are praying",молиться,pray,куболийдирил,kubolijdiril,PROG,PROG,oral,yes,,r,1,1
14,m,1976,21,От его взгляда вилки сгибаются.,Forks bend under his gaze,гнуться,bend,т1ебирил,t'ebiril,PROG,PROG,oral,yes,,r,1,1
14,m,1976,25,"Гляди, шахматы падают. ","Look, the chess are falling",упасть,fall,буккурил,bukːuril,PROG,PROG,oral,yes,,r,1,1
14,m,1976,30,Наши сейчас выигрывают.,Our guys are winning now,выиграть,win,вашарил,waʃaril,PROG,PROG,oral,yes,,r,1,1
15,m,2007,1,Родители полетели в Москву,The parents flew to Moscow,лететь,fly,"руъонний, бурий","ruʔonnij, burij",AOR,PF,oral,no,,,0,
15,m,2007,3,Мальчики бежали два часа,The boys ran for two hours,бежать,run,гьелли вогъий,helli woʁij,AOR,PF PF,oral,no,,,0,
15,m,2007,5,Девочки засмеялись над шуткой.,The girls laughed about the joke,смеяться,laugh,йелълъий,jeɬːij,AOR,PF,oral,no,,,0,
15,m,2007,16,Шахматные фигуры упали со стола. ,The chess figures fell down from the table,упасть,fall,буккуй,bukːuj,AOR,PF,oral,no,,,0,
15,m,2007,18,Наши ребята выиграли.,Our guys won,выиграть,win,вашай,waʃaj,AOR,PF,oral,no,,,0,
15,m,2007,20,"Фокусник махнул рукой, и все телевизоры сломались. ",The magician waved his hand and all TVs got broken,сломаться,break,бокъинний,boq'innij,AOR,PF,nasal,no,,,0,
15,m,2007,12,Мальчики будут надо мной смеяться,Boys will laugh at me,смеяться,laugh,велълъия,weɬːija,FUT,FUT,oral,yes,,,0,
15,m,2007,24,Эти телефоны через год сломаются,These phones will break in a year,сломаться,break,роч1ия,rotʃ'ija,FUT,FUT,oral,yes,,,0,
15,m,2007,7,их дети сейчас летят в Москву,Their children are now flying to Moscow,лететь,fly,"бурий, бурий воъон","burij, burij woʔon",PROG,"PF, CVB AOR",oral,no,,,0,
15,m,2007,13,"Смотри, чашки исчезают!","Look, the teacups are disappearing",исчезнуть,disappear,бот1уй,bot'uj,PROG,PF,oral,no,,,0,
15,m,2007,21,От его взгляда вилки сгибаются.,Forks bend under his gaze,гнуться,bend,т1ебий,t'ebij,PROG,PF,oral,no,,,0,
15,m,2007,23,"Что бы мы ни делали, они над нами смеются.","Whatever we do, they laugh at us",смеяться,laugh,велълъо,weɬːo,PROG,лълъо,oral,no,,,0,
15,m,2007,28,Телевизоры быстро ломаются один за другим.,Tv sets get broken one after another,сломаться,break,боч1ор,botʃ'or,PROG,PROG,oral,yes,,r,0,
15,m,2007,9,Гнилые нитки порвались.,The rotten threads got torn,порваться,tear,танни,tanni,AOR,AOR,oral,yes,,,1,0
15,m,2007,11,Фокусник махнул рукой и стулья исчезли.,The illusionist weaved his hand and the chairs disappeared,исчезнуть,disappear,бот1у,bot'u,AOR,AOR,oral,yes,,,1,0
15,m,2007,14,"Фокусник махнул рукой, и гвозди погнулись.",The magician waved his hand and the nails bent,гнуться,bend,т1еби,t'ebi,AOR,AOR,oral,yes,,,1,0
15,m,2007,26,Мужчины помолились.,The men prayed,молиться,pray,кубайди,kubajdi,AOR,AOR,oral,yes,,,1,0
15,m,2007,2,"Не качай стол, шахматы упадут.","Don't move the table, the chess figures will fall down ",упасть,fall,буккуя,bukːuja,FUT,FUT,oral,yes,,,1,0
15,m,2007,6,эти мальчики точно выиграют. ,These boys will surely win,выиграть,win,вашия,waʃija,FUT,FUT,oral,yes,,,1,0
15,m,2007,8,старики будут молиться.,,молиться,pray,кубайдия,kubajdija,FUT,FUT,oral,yes,,,1,0
15,m,2007,10,Осенью школьники полетят в Москву.,In autumn the pupils will fly to Moscow,лететь,fly,бурия,burija,FUT,FUT,oral,yes,,,1,0
15,m,2007,19,Сейчас фокусник махнёт рукой и книги исчезнут.,The magician will wave his hand and the books will disappear,исчезнуть,disappear,рот1уя,rot'uja,FUT,FUT,oral,yes,,,1,0
15,m,2007,22,"Нитки, которые ты купил, скоро порвутся",The threads you bought will get torn soon,порваться,tear,танния,tannija,FUT,FUT,oral,yes,,,1,0
15,m,2007,27,На соревновании все побегут с этого места,All participants of the competition will start running from here,бежать,run,гьеллия,hellija,FUT,FUT,oral,yes,,,1,0
15,m,2007,29,Сейчас фокусник махнёт рукой и вилки погнутся,The magician will wave his hand and the forks will bend,гнуться,bend,т1ебия,t'ebija,FUT,FUT,oral,yes,,,1,0
15,m,2007,4,У меня сегодня весь день нитки рвутся,My threads get torn the whole day,порваться,tear,таннир,tannir,PROG,PROG,oral,yes,,r,1,0
15,m,2007,15,Эти девочки очень быстро бегут.,These girls are running very fast,бежать,run,гьеллир,hellir,PROG,PROG,oral,yes,,r,1,0
15,m,2007,17,"Не мешай, эти женщины молятся!","Don't disturb them, these women are praying",молиться,pray,кубайдир,kubajdir,PROG,PROG,oral,yes,,r,1,0
15,m,2007,25,"Гляди, шахматы падают. ","Look, the chess are falling",упасть,fall,буккур,bukːur,PROG,PROG,oral,yes,,r,1,0
15,m,2007,30,Наши сейчас выигрывают.,Our guys are winning now,выиграть,win,вашар,waʃar,PROG,PROG,oral,yes,,r,1,0
16,m,1998,3,Мальчики бежали два часа,The boys ran for two hours,бежать,run,гьеллир вогъи,hellir woʁi,AOR,?,oral,no,,,0,
16,m,1998,5,Девочки засмеялись над шуткой.,The girls laughed about the joke,смеяться,laugh,йелълъи,jeɬːi,AOR,AOR,oral,yes,,,0,
16,m,1998,20,"Фокусник махнул рукой, и все телевизоры сломались. ",The magician waved his hand and all TVs got broken,сломаться,break,боч1о,botʃ'o,AOR,AOR,oral,yes,,,0,
16,m,1998,8,старики будут молиться.,,молиться,pray,куболидир джидир,kubolidir dʒidir,FUT,PROG PROG,oral,no,,,0,
16,m,1998,12,Мальчики будут надо мной смеяться,Boys will laugh at me,смеяться,laugh,велълъий вок1уя,weɬːij wok'uja,FUT,PF FUT,oral,no,,,0,
16,m,1998,24,Эти телефоны через год сломаются,These phones will break in a year,сломаться,break,роч1иял,rotʃ'ijal,FUT,FUT,oral,yes,,,0,
16,m,1998,27,На соревновании все побегут с этого места,All participants of the competition will start running from here,бежать,run,,,FUT,,,,,,0,
16,m,1998,23,"Что бы мы ни делали, они над нами смеются.","Whatever we do, they laugh at us",смеяться,laugh,велълъол,weɬːol,PROG,лълъо,oral,no,,,0,
16,m,1998,28,Телевизоры быстро ломаются один за другим.,Tv sets get broken one after another,сломаться,break,боч1орадо,botʃ'orado,PROG,PROG,oral,yes,,rado,0,
16,m,1998,1,Родители полетели в Москву,The parents flew to Moscow,лететь,fly,бури,buri,AOR,AOR,oral,yes,,,1,0
16,m,1998,9,Гнилые нитки порвались.,The rotten threads got torn,порваться,tear,танни,tanni,AOR,AOR,oral,yes,,,1,0
16,m,1998,11,Фокусник махнул рукой и стулья исчезли.,The illusionist weaved his hand and the chairs disappeared,исчезнуть,disappear,бот1у,bot'u,AOR,AOR,oral,yes,,,1,0
16,m,1998,14,"Фокусник махнул рукой, и гвозди погнулись.",The magician waved his hand and the nails bent,гнуться,bend,т1еби,t'ebi,AOR,AOR,oral,yes,,,1,0
16,m,1998,16,Шахматные фигуры упали со стола. ,The chess figures fell down from the table,упасть,fall,букку,bukːu,AOR,AOR,oral,yes,,,1,0
16,m,1998,18,Наши ребята выиграли.,Our guys won,выиграть,win,ваша,waʃa,AOR,AOR,oral,yes,,,1,0
16,m,1998,26,Мужчины помолились.,The men prayed,молиться,pray,куболийди,kubolijdi,AOR,AOR,oral,yes,,,1,0
16,m,1998,2,"Не качай стол, шахматы упадут.","Don't move the table, the chess figures will fall down ",упасть,fall,буккуя,bukːuja,FUT,FUT,oral,yes,,,1,0
16,m,1998,6,эти мальчики точно выиграют. ,These boys will surely win,выиграть,win,вашия,waʃija,FUT,FUT,oral,yes,,,1,0
16,m,1998,10,Осенью школьники полетят в Москву.,In autumn the pupils will fly to Moscow,лететь,fly,бурия,burija,FUT,FUT,oral,yes,,,1,0
16,m,1998,19,Сейчас фокусник махнёт рукой и книги исчезнут.,The magician will wave his hand and the books will disappear,исчезнуть,disappear,рот1уял,rot'ujal,FUT,FUT,oral,yes,,,1,1
16,m,1998,22,"Нитки, которые ты купил, скоро порвутся",The threads you bought will get torn soon,порваться,tear,танниял,tannijal,FUT,FUT,oral,yes,,,1,1
16,m,1998,29,Сейчас фокусник махнёт рукой и вилки погнутся,The magician will wave his hand and the forks will bend,гнуться,bend,т1ебиял,t'ebijal,FUT,FUT,oral,yes,,,1,1
16,m,1998,4,У меня сегодня весь день нитки рвутся,My threads get torn the whole day,порваться,tear,таннирадо,tannirado,PROG,PROG,oral,yes,,rado,1,0
16,m,1998,7,их дети сейчас летят в Москву,Their children are now flying to Moscow,лететь,fly,бурир,burir,PROG,PROG,oral,yes,,r,1,0
16,m,1998,13,"Смотри, чашки исчезают!","Look, the teacups are disappearing",исчезнуть,disappear,бот1урадо,bot'urado,PROG,PROG,oral,yes,,rado,1,0
16,m,1998,15,Эти девочки очень быстро бегут.,These girls are running very fast,бежать,run,гьеллир,hellir,PROG,PROG,oral,yes,,r,1,0
16,m,1998,17,"Не мешай, эти женщины молятся!","Don't disturb them, these women are praying",молиться,pray,куболийдир,kubolijdir,PROG,PROG,oral,yes,,r,1,0
16,m,1998,21,От его взгляда вилки сгибаются.,Forks bend under his gaze,гнуться,bend,т1ебирадо,t'ebirado,PROG,PROG,oral,yes,,rado,1,0
16,m,1998,25,"Гляди, шахматы падают. ","Look, the chess are falling",упасть,fall,бук1урадо,buk'urado,PROG,PROG,oral,yes,,rado,1,0
16,m,1998,30,Наши сейчас выигрывают.,Our guys are winning now,выиграть,win,вашарадо,waʃarado,PROG,PROG,oral,yes,,rado,1,0
17,m,1996,3,Мальчики бежали два часа,The boys ran for two hours,бежать,run,гьелл… ,hell… ,AOR,?,oral,no,,,0,
17,m,1996,5,Девочки засмеялись над шуткой.,The girls laughed about the joke,смеяться,laugh,йелълъи,jeɬːi,AOR,AOR,oral,yes,,,0,
17,m,1996,20,"Фокусник махнул рукой, и все телевизоры сломались. ",The magician waved his hand and all TVs got broken,сломаться,break,боч1о,botʃ'o,AOR,AOR,oral,yes,,,0,
17,m,1996,12,Мальчики будут надо мной смеяться,Boys will laugh at me,смеяться,laugh,велълъо вок1уя,weɬːo wok'uja,FUT,лълъо FUT,oral,no,,,0,
17,m,1996,24,Эти телефоны через год сломаются,These phones will break in a year,сломаться,break,роч1ия,rotʃ'ija,FUT,FUT,oral,yes,,,0,
17,m,1996,23,"Что бы мы ни делали, они над нами смеются.","Whatever we do, they laugh at us",смеяться,laugh,велълъо,weɬːo,PROG,лълъо,oral,no,,,0,
17,m,1996,28,Телевизоры быстро ломаются один за другим.,Tv sets get broken one after another,сломаться,break,боч1урадо,botʃ'urado,PROG,PROG,oral,yes,,rado,0,
17,m,1996,1,Родители полетели в Москву,The parents flew to Moscow,лететь,fly,бури,buri,AOR,AOR,oral,yes,,,1,0
17,m,1996,9,Гнилые нитки порвались.,The rotten threads got torn,порваться,tear,танни,tanni,AOR,AOR,oral,yes,,,1,0
17,m,1996,11,Фокусник махнул рукой и стулья исчезли.,The illusionist weaved his hand and the chairs disappeared,исчезнуть,disappear,бот1у,bot'u,AOR,AOR,oral,yes,,,1,0
17,m,1996,14,"Фокусник махнул рукой, и гвозди погнулись.",The magician waved his hand and the nails bent,гнуться,bend,т1еби,t'ebi,AOR,AOR,oral,yes,,,1,0
17,m,1996,16,Шахматные фигуры упали со стола. ,The chess figures fell down from the table,упасть,fall,букку,bukːu,AOR,AOR,oral,yes,,,1,0
17,m,1996,18,Наши ребята выиграли.,Our guys won,выиграть,win,ваша,waʃa,AOR,AOR,oral,yes,,,1,0
17,m,1996,26,Мужчины помолились.,The men prayed,молиться,pray,кубалийди,kubalijdi,AOR,AOR,oral,yes,,,1,0
17,m,1996,2,"Не качай стол, шахматы упадут.","Don't move the table, the chess figures will fall down ",упасть,fall,буккуя,bukːuja,FUT,FUT,oral,yes,,,1,0
17,m,1996,6,эти мальчики точно выиграют. ,These boys will surely win,выиграть,win,вашиял,waʃijal,FUT,FUT,oral,yes,,,1,1
17,m,1996,8,старики будут молиться.,,молиться,pray,куболидия,kubolidija,FUT,FUT,oral,yes,,,1,0
17,m,1996,10,Осенью школьники полетят в Москву.,In autumn the pupils will fly to Moscow,лететь,fly,бурия,burija,FUT,FUT,oral,yes,,,1,0
17,m,1996,19,Сейчас фокусник махнёт рукой и книги исчезнут.,The magician will wave his hand and the books will disappear,исчезнуть,disappear,рот1уя,rot'uja,FUT,FUT,oral,yes,,,1,0
17,m,1996,22,"Нитки, которые ты купил, скоро порвутся",The threads you bought will get torn soon,порваться,tear,танния,tannija,FUT,FUT,oral,yes,,,1,0
17,m,1996,27,На соревновании все побегут с этого места,All participants of the competition will start running from here,бежать,run,гьеллиял,hellijal,FUT,FUT,oral,yes,,,1,1
17,m,1996,29,Сейчас фокусник махнёт рукой и вилки погнутся,The magician will wave his hand and the forks will bend,гнуться,bend,т1ебия,t'ebija,FUT,FUT,oral,yes,,,1,0
17,m,1996,4,У меня сегодня весь день нитки рвутся,My threads get torn the whole day,порваться,tear,таннир,tannir,PROG,PROG,oral,yes,,r,1,0
17,m,1996,7,их дети сейчас летят в Москву,Their children are now flying to Moscow,лететь,fly,бурир,burir,PROG,PROG,oral,yes,,r,1,0
17,m,1996,13,"Смотри, чашки исчезают!","Look, the teacups are disappearing",исчезнуть,disappear,бот1урадо,bot'urado,PROG,PROG,oral,yes,,rado,1,0
17,m,1996,15,Эти девочки очень быстро бегут.,These girls are running very fast,бежать,run,гьеллир,hellir,PROG,PROG,oral,yes,,r,1,0
17,m,1996,17,"Не мешай, эти женщины молятся!","Don't disturb them, these women are praying",молиться,pray,куболидирил,kubolidiril,PROG,PROG,oral,yes,,r,1,1
17,m,1996,21,От его взгляда вилки сгибаются.,Forks bend under his gaze,гнуться,bend,т1ебирадо,t'ebirado,PROG,PROG,oral,yes,,rado,1,0
17,m,1996,25,"Гляди, шахматы падают. ","Look, the chess are falling",упасть,fall,буккур,bukːur,PROG,PROG,oral,yes,,r,1,0
17,m,1996,30,Наши сейчас выигрывают.,Our guys are winning now,выиграть,win,вашарадо,waʃarado,PROG,PROG,oral,yes,,rado,1,0
18,f,1995,5,Девочки засмеялись над шуткой.,The girls laughed about the joke,смеяться,laugh,йелълъи,jeɬːi,AOR,AOR,oral,yes,,,0,
18,f,1995,11,Фокусник махнул рукой и стулья исчезли.,The illusionist weaved his hand and the chairs disappeared,исчезнуть,disappear,,,AOR,,,,,,0,
18,f,1995,14,"Фокусник махнул рукой, и гвозди погнулись.",The magician waved his hand and the nails bent,гнуться,bend,,,AOR,,,,,,0,
18,f,1995,16,Шахматные фигуры упали со стола. ,The chess figures fell down from the table,упасть,fall,буккуй,bukːuj,AOR,PF,oral,no,,,0,
18,f,1995,18,Наши ребята выиграли.,Our guys won,выиграть,win,вашай,waʃaj,AOR,PF,oral,no,,,0,
18,f,1995,20,"Фокусник махнул рукой, и все телевизоры сломались. ",The magician waved his hand and all TVs got broken,сломаться,break,бихъинний,biqχinnij,AOR,AOR,nasal,yes,,,0,
18,f,1995,12,Мальчики будут надо мной смеяться,Boys will laugh at me,смеяться,laugh,велълъия,weɬːija,FUT,FUT,oral,yes,,,0,
18,f,1995,19,Сейчас фокусник махнёт рукой и книги исчезнут.,The magician will wave his hand and the books will disappear,исчезнуть,disappear,,,FUT,,,,,,0,
18,f,1995,24,Эти телефоны через год сломаются,These phones will break in a year,сломаться,break,рокъинния,roq'innija,FUT,FUT,nasal,yes,,,0,
18,f,1995,27,На соревновании все побегут с этого места,All participants of the competition will start running from here,бежать,run,,,FUT,,,,,,0,
18,f,1995,4,У меня сегодня весь день нитки рвутся,My threads get torn the whole day,порваться,tear,,,PROG,,,,,,0,
18,f,1995,7,их дети сейчас летят в Москву,Their children are now flying to Moscow,лететь,fly,бурия,burija,PROG,FUT,oral,no,,,0,
18,f,1995,13,"Смотри, чашки исчезают!","Look, the teacups are disappearing",исчезнуть,disappear,,,PROG,,,,,,0,
18,f,1995,23,"Что бы мы ни делали, они над нами смеются.","Whatever we do, they laugh at us",смеяться,laugh,велълъо,weɬːo,PROG,лълъо,oral,no,,,0,
18,f,1995,28,Телевизоры быстро ломаются один за другим.,Tv sets get broken one after another,сломаться,break,бокъимадо,boq'imado,PROG,PROG,nasal,yes,,mado,0,
18,f,1995,30,Наши сейчас выигрывают.,Our guys are winning now,выиграть,win,вашия,waʃija,PROG,FUT,oral,no,,,0,
18,f,1995,1,Родители полетели в Москву,The parents flew to Moscow,лететь,fly,бури,buri,AOR,AOR,oral,yes,,,1,0
18,f,1995,3,Мальчики бежали два часа,The boys ran for two hours,бежать,run,гьелли,helli,AOR,AOR,oral,yes,,,1,0
18,f,1995,9,Гнилые нитки порвались.,The rotten threads got torn,порваться,tear,танни,tanni,AOR,AOR,oral,yes,,,1,0
18,f,1995,26,Мужчины помолились.,The men prayed,молиться,pray,куболийди,kubolijdi,AOR,AOR,oral,yes,,,1,0
18,f,1995,2,"Не качай стол, шахматы упадут.","Don't move the table, the chess figures will fall down ",упасть,fall,буккуя,bukːuja,FUT,FUT,oral,yes,,,1,0
18,f,1995,6,эти мальчики точно выиграют. ,These boys will surely win,выиграть,win,вашия,waʃija,FUT,FUT,oral,yes,,,1,0
18,f,1995,8,старики будут молиться.,,молиться,pray,куболийдия,kubolijdija,FUT,FUT,oral,yes,,,1,0
18,f,1995,10,Осенью школьники полетят в Москву.,In autumn the pupils will fly to Moscow,лететь,fly,бурия,burija,FUT,FUT,oral,yes,,,1,0
18,f,1995,22,"Нитки, которые ты купил, скоро порвутся",The threads you bought will get torn soon,порваться,tear,танния,tannija,FUT,FUT,oral,yes,,,1,0
18,f,1995,29,Сейчас фокусник махнёт рукой и вилки погнутся,The magician will wave his hand and the forks will bend,гнуться,bend,т1ебиял,t'ebijal,FUT,FUT,oral,yes,,,1,1
18,f,1995,15,Эти девочки очень быстро бегут.,These girls are running very fast,бежать,run,гьеллир,hellir,PROG,PROG,oral,yes,,r,1,0
18,f,1995,17,"Не мешай, эти женщины молятся!","Don't disturb them, these women are praying",молиться,pray,куболийдир,kubolijdir,PROG,PROG,oral,yes,,r,1,0
18,f,1995,21,От его взгляда вилки сгибаются.,Forks bend under his gaze,гнуться,bend,т1ебирадо,t'ebirado,PROG,PROG,oral,yes,,rado,1,0
18,f,1995,25,"Гляди, шахматы падают. ","Look, the chess are falling",упасть,fall,буккурил гъоди,bukːuril ʁodi,PROG,PROG,oral,yes,,r,1,1
19,m,1965,5,Девочки засмеялись над шуткой.,The girls laughed about the joke,смеяться,laugh,йелълъи,jeɬːi,AOR,AOR,oral,yes,,,0,
19,m,1965,20,"Фокусник махнул рукой, и все телевизоры сломались. ",The magician waved his hand and all TVs got broken,сломаться,break,"боч1о, богъи","botʃ'o, boʁi",AOR,AOR,oral,yes,,,0,
19,m,1965,12,Мальчики будут надо мной смеяться,Boys will laugh at me,смеяться,laugh,велълъия,weɬːija,FUT,FUT,oral,yes,,,0,
19,m,1965,24,Эти телефоны через год сломаются,These phones will break in a year,сломаться,break,рич1ия,ritʃ'ija,FUT,FUT,oral,yes,no,,0,
19,m,1965,17,"Не мешай, эти женщины молятся!","Don't disturb them, these women are praying",молиться,pray,кубайдери,kubajderi,PROG,,oral,no,,,0,
19,m,1965,23,"Что бы мы ни делали, они над нами смеются.","Whatever we do, they laugh at us",смеяться,laugh,велълъо,weɬːo,PROG,лълъо,oral,no,,,0,
19,m,1965,28,Телевизоры быстро ломаются один за другим.,Tv sets get broken one after another,сломаться,break,боч1орил,botʃ'oril,PROG,PROG,oral,yes,,r,0,
19,m,1965,1,Родители полетели в Москву,The parents flew to Moscow,лететь,fly,бури,buri,AOR,AOR,oral,yes,,,1,0
19,m,1965,3,Мальчики бежали два часа,The boys ran for two hours,бежать,run,гьелли,helli,AOR,AOR,oral,yes,,,1,0
19,m,1965,9,Гнилые нитки порвались.,The rotten threads got torn,порваться,tear,танни,tanni,AOR,AOR,oral,yes,,,1,0
19,m,1965,11,Фокусник махнул рукой и стулья исчезли.,The illusionist weaved his hand and the chairs disappeared,исчезнуть,disappear,бот1у,bot'u,AOR,AOR,oral,yes,,,1,0
19,m,1965,14,"Фокусник махнул рукой, и гвозди погнулись.",The magician waved his hand and the nails bent,гнуться,bend,т1еби,t'ebi,AOR,AOR,oral,yes,,,1,0
19,m,1965,16,Шахматные фигуры упали со стола. ,The chess figures fell down from the table,упасть,fall,букку,bukːu,AOR,AOR,oral,yes,,,1,0
19,m,1965,18,Наши ребята выиграли.,Our guys won,выиграть,win,ваша,waʃa,AOR,AOR,oral,yes,,,1,0
19,m,1965,26,Мужчины помолились.,The men prayed,молиться,pray,куболийди,kubolijdi,AOR,AOR,oral,yes,,,1,0
19,m,1965,2,"Не качай стол, шахматы упадут.","Don't move the table, the chess figures will fall down ",упасть,fall,буккуя,bukːuja,FUT,FUT,oral,yes,,,1,0
19,m,1965,6,эти мальчики точно выиграют. ,These boys will surely win,выиграть,win,вашия,waʃija,FUT,FUT,oral,yes,,,1,0
19,m,1965,8,старики будут молиться.,,молиться,pray,куболийдия,kubolijdija,FUT,FUT,oral,yes,,,1,0
19,m,1965,10,Осенью школьники полетят в Москву.,In autumn the pupils will fly to Moscow,лететь,fly,бурия,burija,FUT,FUT,oral,yes,,,1,0
19,m,1965,19,Сейчас фокусник махнёт рукой и книги исчезнут.,The magician will wave his hand and the books will disappear,исчезнуть,disappear,рот1уя,rot'uja,FUT,FUT,oral,yes,,,1,0
19,m,1965,22,"Нитки, которые ты купил, скоро порвутся",The threads you bought will get torn soon,порваться,tear,танния,tannija,FUT,FUT,oral,yes,,,1,0
19,m,1965,27,На соревновании все побегут с этого места,All participants of the competition will start running from here,бежать,run,гьеллия,hellija,FUT,FUT,oral,yes,,,1,0
19,m,1965,29,Сейчас фокусник махнёт рукой и вилки погнутся,The magician will wave his hand and the forks will bend,гнуться,bend,т1ебия,t'ebija,FUT,FUT,oral,yes,,,1,0
19,m,1965,4,У меня сегодня весь день нитки рвутся,My threads get torn the whole day,порваться,tear,таннир,tannir,PROG,PROG,oral,yes,,r,1,0
19,m,1965,7,их дети сейчас летят в Москву,Their children are now flying to Moscow,лететь,fly,бурир,burir,PROG,PROG,oral,yes,,r,1,0
19,m,1965,13,"Смотри, чашки исчезают!","Look, the teacups are disappearing",исчезнуть,disappear,бот1ур,bot'ur,PROG,PROG,oral,yes,,r,1,0
19,m,1965,15,Эти девочки очень быстро бегут.,These girls are running very fast,бежать,run,гьеллир,hellir,PROG,PROG,oral,yes,,r,1,0
19,m,1965,21,От его взгляда вилки сгибаются.,Forks bend under his gaze,гнуться,bend,т1ебир,t'ebir,PROG,PROG,oral,yes,,r,1,0
19,m,1965,25,"Гляди, шахматы падают. ","Look, the chess are falling",упасть,fall,буккурил,bukːuril,PROG,PROG,oral,yes,,r,1,1
19,m,1965,30,Наши сейчас выигрывают.,Our guys are winning now,выиграть,win,вашар,waʃar,PROG,PROG,oral,yes,,r,1,0
20,m,1965,5,Девочки засмеялись над шуткой.,The girls laughed about the joke,смеяться,laugh,йелълъи,jeɬːi,AOR,AOR,oral,yes,,,0,
20,m,1965,20,"Фокусник махнул рукой, и все телевизоры сломались. ",The magician waved his hand and all TVs got broken,сломаться,break,"боч1о, богъи","botʃ'o, boʁi",AOR,AOR,oral,yes,,,0,
20,m,1965,12,Мальчики будут надо мной смеяться,Boys will laugh at me,смеяться,laugh,велълъия,weɬːija,FUT,FUT,oral,yes,,,0,
20,m,1965,24,Эти телефоны через год сломаются,These phones will break in a year,сломаться,break,роч1ия,rotʃ'ija,FUT,FUT,oral,yes,,,0,
20,m,1965,23,"Что бы мы ни делали, они над нами смеются.","Whatever we do, they laugh at us",смеяться,laugh,велълъо,weɬːo,PROG,лълъо,oral,no,,,0,
20,m,1965,28,Телевизоры быстро ломаются один за другим.,Tv sets get broken one after another,сломаться,break,,,PROG,?,,,,,0,
20,m,1965,1,Родители полетели в Москву,The parents flew to Moscow,лететь,fly,бури,buri,AOR,AOR,oral,yes,,,1,0
20,m,1965,3,Мальчики бежали два часа,The boys ran for two hours,бежать,run,гьелли,helli,AOR,AOR,oral,yes,,,1,0
20,m,1965,9,Гнилые нитки порвались.,The rotten threads got torn,порваться,tear,танни,tanni,AOR,AOR,oral,yes,,,1,0
20,m,1965,11,Фокусник махнул рукой и стулья исчезли.,The illusionist weaved his hand and the chairs disappeared,исчезнуть,disappear,бот1у,bot'u,AOR,AOR,oral,yes,,,1,0
20,m,1965,14,"Фокусник махнул рукой, и гвозди погнулись.",The magician waved his hand and the nails bent,гнуться,bend,т1еби,t'ebi,AOR,AOR,oral,yes,,,1,0
20,m,1965,16,Шахматные фигуры упали со стола. ,The chess figures fell down from the table,упасть,fall,букку,bukːu,AOR,AOR,oral,yes,,,1,0
20,m,1965,18,Наши ребята выиграли.,Our guys won,выиграть,win,ваша,waʃa,AOR,AOR,oral,yes,,,1,0
20,m,1965,26,Мужчины помолились.,The men prayed,молиться,pray,куболийди,kubolijdi,AOR,AOR,oral,yes,,,1,0
20,m,1965,2,"Не качай стол, шахматы упадут.","Don't move the table, the chess figures will fall down ",упасть,fall,буккуя,bukːuja,FUT,FUT,oral,yes,,,1,0
20,m,1965,6,эти мальчики точно выиграют. ,These boys will surely win,выиграть,win,вашия,waʃija,FUT,FUT,oral,yes,,,1,0
20,m,1965,8,старики будут молиться.,,молиться,pray,куболийдия,kubolijdija,FUT,FUT,oral,yes,,,1,0
20,m,1965,10,Осенью школьники полетят в Москву.,In autumn the pupils will fly to Moscow,лететь,fly,бурия,burija,FUT,FUT,oral,yes,,,1,0
20,m,1965,19,Сейчас фокусник махнёт рукой и книги исчезнут.,The magician will wave his hand and the books will disappear,исчезнуть,disappear,рот1уя,rot'uja,FUT,FUT,oral,yes,,,1,0
20,m,1965,22,"Нитки, которые ты купил, скоро порвутся",The threads you bought will get torn soon,порваться,tear,танниял,tannijal,FUT,FUT,oral,yes,,,1,1
20,m,1965,27,На соревновании все побегут с этого места,All participants of the competition will start running from here,бежать,run,гьеллия,hellija,FUT,FUT,oral,yes,,,1,0
20,m,1965,29,Сейчас фокусник махнёт рукой и вилки погнутся,The magician will wave his hand and the forks will bend,гнуться,bend,т1ебия,t'ebija,FUT,FUT,oral,yes,,,1,0
20,m,1965,4,У меня сегодня весь день нитки рвутся,My threads get torn the whole day,порваться,tear,таннир,tannir,PROG,PROG,oral,yes,,r,1,0
20,m,1965,7,их дети сейчас летят в Москву,Their children are now flying to Moscow,лететь,fly,буририл,buriril,PROG,PROG,oral,yes,,r,1,1
20,m,1965,13,"Смотри, чашки исчезают!","Look, the teacups are disappearing",исчезнуть,disappear,бот1урадо,bot'urado,PROG,PROG,oral,yes,,rado,1,0
20,m,1965,15,Эти девочки очень быстро бегут.,These girls are running very fast,бежать,run,гьеллир,hellir,PROG,PROG,oral,yes,,r,1,0
20,m,1965,17,"Не мешай, эти женщины молятся!","Don't disturb them, these women are praying",молиться,pray,куболийдирил,kubolijdiril,PROG,PROG,oral,yes,,r,1,1
20,m,1965,21,От его взгляда вилки сгибаются.,Forks bend under his gaze,гнуться,bend,т1ебиралло,t'ebirallo,PROG,PROG,oral,yes,,rallo,1,0
20,m,1965,25,"Гляди, шахматы падают. ","Look, the chess are falling",упасть,fall,буккурадо,bukːurado,PROG,PROG,oral,yes,,rado,1,0
20,m,1965,30,Наши сейчас выигрывают.,Our guys are winning now,выиграть,win,вашар,waʃar,PROG,PROG,oral,yes,,r,1,0
